cpse_code,material_code,description,uom,category,subcategory,manufacturer,manufacturer_part_number,material_grade,size,pressure_class,voltage,power,frequency,diameter,schedule,seal_type,body_material,trim_material,end_connection,length
NTPC,NTPC-DEMO-BCCAC2,GATE VALVE 6IN WCB TRIM SS316 CLASS 150 FLANGED,EACH,CAT-VLV,Gate Valve,KITZ,GT-150-SS,,6 inch,150#,,,,,,,WCB,,,
NTPC,NTPC-DEMO-67E727,GATE VALVE 6IN WCB TRIM SS316 CLASS 300 FLANGED,EACH,CAT-VLV,Gate Valve,KITZ,GT-300-SS,,6 inch,300#,,,,,,,WCB,,,
ONGC,ONGC-DEMO-3CD976,SKF DEEP GROOVE BALL BEARING 6205-2RS 25MM X 52MM X 15MM,EACH,CAT-BRG,Ball Bearing,SKF,6205-2RS,,,,,,,,,2RS,,,,
SAIL,SAIL-DEMO-4629A0,BRG BALL DEEP GROOVE 6205-2RS SKF,EACH,CAT-BRG,Ball Bearing,SKF,6205-2RS,,,,,,,,,2RS,,,,
IOCL,IOCL-DEMO-FA2B8A,6205-2RS BEARING SKF,EACH,CAT-BRG,Ball Bearing,SKF,6205-2RS,,,,,,,,,2RS,,,,
NTPC,NTPC-DEMO-80E6DE,CARBON STEEL PIPE SEAMLESS 10 INCH LENGTH 6M,EACH,CAT-PIP,Carbon Steel Pipe,Jindal,PIP-CS-10,,,,,,,10 inch,,,,,,6 M
BHEL,BHEL-DEMO-BC5B1B,AC MOTOR 1.5KW 415V 50HZ 1500RPM TEFC SIEMENS,EACH,CAT-MTR,AC Motor,Siemens,1LA7090-4AA10,,,,415 V,1.5 KW,50 HZ,,,,,,,
BHEL,BHEL-DEMO-158645,MOTOR AC 1.5KW 415V 50HZ 1500RPM IP55 ABB,EACH,CAT-MTR,AC Motor,ABB,M2QA090L4A,,,,415 V,1.5 KW,50 HZ,,,,,,,
SAIL,SAIL-DEMO-4EF40E,HEX BOLT M10 X 50MM SS304 CLASS 8.8,EACH,CAT-FST,Bolts,Bossard,HX-M10-50,,M10,,,,,,,,,,,
SAIL,SAIL-DEMO-24AB19,BOLT HEX M10 50MM SS304,EACH,CAT-FST,Bolts,Bossard,HX-M10-50,,M10,,,,,,,,,,,
ONGC,ONGC-DEMO-2E166E,BEARING FAG X5H5L8D5V67N (E.G. 6204-2RS1/C3) 1357 INCH 962 MM 387 MM Z,EACH,CAT-BRG,Bearing,FAG,X5H5L8D5V67N (e.g. 6204-2RS1/C3),,,,,,,,,Z,,,,
IOCL,IOCL-DEMO-F8FDCE,CABLE LAPP 6TGIC X 2HSK SQMM IV46/9BS1 U49C 49 EACH 872.47 AWG 1.1KV PVC,EACH,CAT-CBL,Cable,LAPP,6TGIC x 2HSK sqmm IV46/9BS1 U49C,,,,,,,,,,,,,
IOCL,IOCL-DEMO-2BA867,CABLE PRYSMIAN JC3DC X RF3O SQMM QB9W/DLQ9 4U8V 29 EACH 34.13 AWG 66KV RUBBER,EACH,CAT-CBL,Cable,Prysmian,JC3DC x RF3O sqmm QB9W/DLQ9 4U8V,,,,,,,,,,,,,
ONGC,ONGC-DEMO-8A1B1C,FLANGE GALPERTI ITM0-2BMJ-UDO1-OOXG-BIY5 64.05 MM 600# LAP JOINT RAISED FACE (RF),EACH,CAT-FLG,Flange,Galperti,ITM0-2BMJ-UDO1-OOXG-BIY5,,64.05 mm,600#,,,,,,,,,,
ONGC,ONGC-DEMO-9A9911,VALVE KITZ 0H7J-VWMY-OB8Y-PB5V-K2EZ-0Y52 39.5 INCH 900# BRONZE SOCKET WELD,EACH,CAT-VLV,Valve,KITZ,0H7J-VWMY-OB8Y-PB5V-K2EZ-0Y52,,39.5 inch,900#,,,,,,,Bronze,,Socket Weld,
IOCL,IOCL-DEMO-36FBEA,ELECTRICAL COMPONENT SCHNEIDER ELECTRIC 6FSX-CTP8-NP26-IHN7 4480.24 KA 143784 KV 2P 37 KA,EACH,CAT-ELC,Electrical Component,Schneider Electric,6FSX-CTP8-NP26-IHN7,,,,,,,,,,,,,
ONGC,ONGC-DEMO-0DD6E4,MOTOR BALDOR 1DTA-6WLW-MRH0-2JEX-WKUL 9413.99 HP 200 KV 50 HZ 1800 RPM TEFC,EACH,CAT-MTR,Motor,Baldor,1DTA-6WLW-MRH0-2JEX-WKUL,,,,200 KV,9413.99 HP,50 HZ,,,,,,,
BHEL,BHEL-DEMO-95A976,INSTRUMENTATION WIKA ZX3V-V6AJ-8QLM-XRLY-2UN4 8460 PSI HART 1/2 NPT 0.25%,EACH,CAT-INS,Instrumentation,WIKA,ZX3V-V6AJ-8QLM-XRLY-2UN4,,,,,,,,,,,,,
IOCL,IOCL-DEMO-B4DC75,MOTOR SIEMENS LW33-5LDU-LKUF-0B4Z-CYSG 6806.55 HP 7307 V 50 HZ 1200 RPM TENV,EACH,CAT-MTR,Motor,Siemens,LW33-5LDU-LKUF-0B4Z-CYSG,,,,7307 V,6806.55 HP,50 HZ,,,,,,,
NTPC,NTPC-DEMO-B3FC2E,ELECTRICAL COMPONENT EATON V4DS-UNOM-ZF9T-YMIZ 5300.55 A 132910 V 1P 99 KA,EACH,CAT-ELC,Electrical Component,Eaton,V4DS-UNOM-ZF9T-YMIZ,,,,,,,,,,,,,
NTPC,NTPC-DEMO-EC95F0,FASTENER HILTI 60LA-F4INX83A8-O1Y8-G3F3 9 MM 368 MM B7 METRIC FINE,EACH,CAT-FST,Fastener,Hilti,60LA-F4INx83A8-O1Y8-G3F3,,,,,,,9 mm,,,,,,
ONGC,ONGC-DEMO-0AFD8E,PPE 3M DULG-VRX8-RTE3-6LQ9 11 NITRILE CE BLUE,EACH,CAT-PPE,PPE,3M,DULG-VRX8-RTE3-6LQ9,,11,,,,,,,,,,,
SAIL,SAIL-DEMO-6FB064,FLANGE CHW FORGE FTKH-LCE7-UOR0-O41A-3Q27 3.97 MM 150# LAP JOINT FLAT FACE (FF),EACH,CAT-FLG,Flange,CHW Forge,FTKH-LCE7-UOR0-O41A-3Q27,,3.97 mm,150#,,,,,,,,,,
IOCL,IOCL-DEMO-903F6E,PPE DUPONT KDKC-OOWH-YAGR-GYFH 9 LEATHER ANSI BLUE,EACH,CAT-PPE,PPE,DuPont,KDKC-OOWH-YAGR-GYFH,,9,,,,,,,,,,,
NTPC,NTPC-DEMO-0C8D27,BEARING TIMKEN QXX7Y8OO2L4C (E.G. 6204-2RS1/C3) 1313 MM 1821 INCH 199 INCH RS,EACH,CAT-BRG,Bearing,Timken,QXX7Y8OO2L4C (e.g. 6204-2RS1/C3),,,,,,,,,RS,,,,
SAIL,SAIL-DEMO-F723F9,VALVE VELAN 9E66-SHCC-6286-HZ7Y-ZUGA-QD8L 60.04 MM 900# DUCTILE IRON WAFER,EACH,CAT-VLV,Valve,Velan,9E66-SHCC-6286-HZ7Y-ZUGA-QD8L,,60.04 mm,900#,,,,,,,Ductile Iron,,Wafer,
SAIL,SAIL-DEMO-C228D2,PUMP SULZER UEKB-XBUO-DRMT-P7PY 5369 GPM 1601 M 247.33 KW,EACH,CAT-PMP,Pump,Sulzer,UEKB-XBUO-DRMT-P7PY,,,,,247.33 KW,,,,,,,,
BHEL,BHEL-DEMO-95C3FB,LUBRICANT SHELL 8DDK VT8K G5DI - CB5L ISO VG 220 MINERAL NLGI 3 477 L,EACH,CAT-LUB,Lubricant,Shell,8DDK VT8K G5DI - CB5L,,,,,,,,,,,,,
NTPC,NTPC-DEMO-AC427D,INSTRUMENTATION ROSEMOUNT JS0E-1204-PTXP-QOFA-SVSO 3658 PSI 0-10V FLANGED 2 INCH 1.0%,EACH,CAT-INS,Instrumentation,Rosemount,JS0E-1204-PTXP-QOFA-SVSO,,,,,,,,,,,,,
BHEL,BHEL-DEMO-5D513C,GASKET FLEXITALLIC RHWP-YKOK-0CRA-JNFE-1DC1-P51N 57.4 INCH 300# RTJ SOFT IRON,EACH,CAT-GSK,Gasket,Flexitallic,RHWP-YKOK-0CRA-JNFE-1DC1-P51N,,57.4 inch,300#,,,,,,,,,,
SAIL,SAIL-DEMO-A05DD6,INSTRUMENTATION ENDRESS+HAUSER EI08-HVZN-M48Y-1NE0-P54M 2029 PSI PROFIBUS 1/2 NPT 0.5%,EACH,CAT-INS,Instrumentation,Endress+Hauser,EI08-HVZN-M48Y-1NE0-P54M,,,,,,,,,,,,,
BHEL,BHEL-DEMO-FF5010,PPE DUPONT MXSQ-EH2G-YLLJ-GYDS M LEATHER ANSI RED,EACH,CAT-PPE,PPE,DuPont,MXSQ-EH2G-YLLJ-GYDS,,M,,,,,,,,,,,
NTPC,NTPC-DEMO-89EF5F,LUBRICANT MOBIL JRJ3 WFX2 A12H - Q7JF ISO VG 220 MINERAL NLGI 1 753 L,EACH,CAT-LUB,Lubricant,Mobil,JRJ3 WFX2 A12H - Q7JF,,,,,,,,,,,,,
ONGC,ONGC-DEMO-28296B,LUBRICANT TOTALENERGIES 9IRG SQ5Y TBEH - P5W4 ISO VG 220 PAG NLGI 3 900 L,EACH,CAT-LUB,Lubricant,TotalEnergies,9IRG SQ5Y TBEH - P5W4,,,,,,,,,,,,,
SAIL,SAIL-DEMO-FC546C,CABLE HAVELLS 6TUUC X XFAR SQMM N4C0/P7F8 93IS 76 EACH 593.07 MM2 33KV PVC,EACH,CAT-CBL,Cable,Havells,6TUUC x XFAR sqmm N4C0/P7F8 93IS,,,,,,,,,,,,,
BHEL,BHEL-DEMO-CEDC7D,PPE ANSELL 8YGV-Y6DC-MIMO-30O7 9 KEVLAR EN 397 YELLOW,EACH,CAT-PPE,PPE,Ansell,8YGV-Y6DC-MIMO-30O7,,9,,,,,,,,,,,
NTPC,NTPC-DEMO-38DF0F,FASTENER HILTI KXIF-J9XXXS1RM-UYLW-00CI 66 MM 293 INCH A4-80 UNF,EACH,CAT-FST,Fastener,Hilti,KXIF-J9XXxS1RM-UYLW-00CI,,,,,,,66 mm,,,,,,
IOCL,IOCL-DEMO-685F7A,BEARING TIMKEN IX5MEC4C5HQJ (E.G. 6204-2RS1/C3) 1190 INCH 1014 MM 268 MM NR,EACH,CAT-BRG,Bearing,Timken,IX5MEC4C5HQJ (e.g. 6204-2RS1/C3),,,,,,,,,NR,,,,
IOCL,IOCL-DEMO-1C431F,MOTOR ABB 1T53-FWNK-YAOD-C0PB-8TL9 8481.97 HP 4306 V 60 HZ 900 RPM TEFC,EACH,CAT-MTR,Motor,ABB,1T53-FWNK-YAOD-C0PB-8TL9,,,,4306 V,8481.97 HP,60 HZ,,,,,,,
IOCL,IOCL-DEMO-1B7212,PPE DUPONT ZI0I-WZ34-TD6I-ZZFN XXL HDPE ANSI WHITE,EACH,CAT-PPE,PPE,DuPont,ZI0I-WZ34-TD6I-ZZFN,,XXL,,,,,,,,,,,
IOCL,IOCL-DEMO-44DBEB,FLANGE GALPERTI 3LNC-8ZMW-QYPX-Y358-5TDC 41.51 MM 1500# SOCKET WELD RING TYPE JOINT (RTJ),EACH,CAT-FLG,Flange,Galperti,3LNC-8ZMW-QYPX-Y358-5TDC,,41.51 mm,1500#,,,,,,,,,,
ONGC,ONGC-DEMO-11A179,ELECTRICAL COMPONENT EATON 9QI4-MVA0-GZZ3-PX53 11.93 KA 430568 V 1P 91 KA,EACH,CAT-ELC,Electrical Component,Eaton,9QI4-MVA0-GZZ3-PX53,,,,,,,,,,,,,
NTPC,NTPC-DEMO-4634A5,LUBRICANT MOBIL GV7V BKMJ 9QNH - XWQ1 ISO VG 46 ESTER NLGI 3 755 L,EACH,CAT-LUB,Lubricant,Mobil,GV7V BKMJ 9QNH - XWQ1,,,,,,,,,,,,,
IOCL,IOCL-DEMO-9E53D4,LUBRICANT KLÜBER GNN4 2W4C 2VHB - SYI9 SAE 10W-40 ESTER NLGI 1 660 L,EACH,CAT-LUB,Lubricant,Klüber,GNN4 2W4C 2VHB - SYI9,,,,,,,,,,,,,
BHEL,BHEL-DEMO-C90E14,INSTRUMENTATION ENDRESS+HAUSER ICIK-GFLS-QNEX-6ISY-GDCQ 8936 DEGF MODBUS 1/2 NPT 0.1%,EACH,CAT-INS,Instrumentation,Endress+Hauser,ICIK-GFLS-QNEX-6ISY-GDCQ,,,,,,,,,,,,,
SAIL,SAIL-DEMO-0F07D4,ELECTRICAL COMPONENT ABB LDR4-JEDF-OX8U-237C 5637.78 A 273058 KV 4P 69 KA,EACH,CAT-ELC,Electrical Component,ABB,LDR4-JEDF-OX8U-237C,,,,,,,,,,,,,
SAIL,SAIL-DEMO-CD444F,ELECTRICAL COMPONENT SIEMENS D0F3-CUK2-60GX-IPAJ 4542.05 A 51494 V 3P 123 KA,EACH,CAT-ELC,Electrical Component,Siemens,D0F3-CUK2-60GX-IPAJ,,,,,,,,,,,,,
BHEL,BHEL-DEMO-3FF0BA,CABLE PRYSMIAN N8QVC X W0BP SQMM OV5B/I6HT NQBJ 48 EACH 814.54 MM2 11KV XLPE,EACH,CAT-CBL,Cable,Prysmian,N8QVC x W0BP sqmm OV5B/I6HT NQBJ,,,,,,,,,,,,,
NTPC,NTPC-DEMO-E721A1,PUMP KSB DK1C-W99G-OUTT-P9CC 13176 GPM 817 M 3870.64 KW,EACH,CAT-PMP,Pump,KSB,DK1C-W99G-OUTT-P9CC,,,,,3870.64 KW,,,,,,,,
NTPC,NTPC-DEMO-3C6958,INSTRUMENTATION WIKA EUJX-ZSQB-Q0A2-8ZPX-HD2T 6393 DEGC 4-20MA SANITARY 0.1%,EACH,CAT-INS,Instrumentation,WIKA,EUJX-ZSQB-Q0A2-8ZPX-HD2T,,,,,,,,,,,,,
SAIL,SAIL-DEMO-B8116A,FLANGE ULMA QLD6-1LUM-SSEG-47GJ-GD3A 45.76 MM 600# SLIP-ON RING TYPE JOINT (RTJ),EACH,CAT-FLG,Flange,Ulma,QLD6-1LUM-SSEG-47GJ-GD3A,,45.76 mm,600#,,,,,,,,,,
ONGC,ONGC-DEMO-5B7AFD,BEARING FAG 91KZKTTIY85L (E.G. 6204-2RS1/C3) 275 MM 525 INCH 179 INCH NR,EACH,CAT-BRG,Bearing,FAG,91KZKTTIY85L (e.g. 6204-2RS1/C3),,,,,,,,,NR,,,,
SAIL,SAIL-DEMO-BB430D,VALVE EMERSON 3M5H-LKHR-INS2-SSKX-JOGA-BJ7Y 46.65 MM 150# LCC BUTT WELD,EACH,CAT-VLV,Valve,Emerson,3M5H-LKHR-INS2-SSKX-JOGA-BJ7Y,,46.65 mm,150#,,,,,,,LCC,,Butt Weld,
IOCL,IOCL-DEMO-5441C5,GASKET KLINGER UE3Y-5UJ0-MO8M-4BZC-JKN9-VZU6 26.61 MM 300# PTFE PTFE,EACH,CAT-GSK,Gasket,Klinger,UE3Y-5UJ0-MO8M-4BZC-JKN9-VZU6,,26.61 mm,300#,,,,,,,,,,
IOCL,IOCL-DEMO-BC4957,GASKET KLINGER 9RJR-Y5SR-6KP6-A47P-5EW2-QEKJ 1.26 MM 2500# SPIRAL WOUND SS304,EACH,CAT-GSK,Gasket,Klinger,9RJR-Y5SR-6KP6-A47P-5EW2-QEKJ,,1.26 mm,2500#,,,,,,,,,,
BHEL,BHEL-DEMO-645099,PIPE JINDAL SAW TMWZ-7ZX6-FA9H-1XEZ-NC1N 27.21 MM SCH160 API 5L X52 12 M,EACH,CAT-PIP,Pipe,Jindal SAW,TMWZ-7ZX6-FA9H-1XEZ-NC1N,API 5L X52,,,,,,27.21 mm,SCH160,,,,,
IOCL,IOCL-DEMO-DFFF8A,MOTOR ABB 667O-GK8A-CG0C-MOAC-97UM 1712.8 KW 5823 KV 60 HZ 900 RPM TEFC,EACH,CAT-MTR,Motor,ABB,667O-GK8A-CG0C-MOAC-97UM,,,,5823 KV,1712.8 kW,60 HZ,,,,,,,
ONGC,ONGC-DEMO-23B9C4,BEARING TIMKEN 63XOJXCZ147D (E.G. 6204-2RS1/C3) 769 INCH 1674 INCH 326 MM RS,EACH,CAT-BRG,Bearing,Timken,63XOJXCZ147D (e.g. 6204-2RS1/C3),,,,,,,,,RS,,,,
NTPC,NTPC-DEMO-C87A3E,PUMP KSB 291R-99IR-SJP7-YHX8 10113 M3/H 803 M 1379.09 HP,EACH,CAT-PMP,Pump,KSB,291R-99IR-SJP7-YHX8,,,,,1379.09 HP,,,,,,,,
ONGC,ONGC-DEMO-D8AEB2,FASTENER HILTI E7U3-WMJEX8JXI-HW1O-PSIJ 61 MM 63 INCH B7 METRIC COARSE,EACH,CAT-FST,Fastener,Hilti,E7U3-WMJEx8JXI-HW1O-PSIJ,,,,,,,61 mm,,,,,,
IOCL,IOCL-DEMO-4D52E7,CABLE POLYCAB LBU4C X P81J SQMM 2JCX/EWTN VVQV 2 EACH 582.87 MM2 3.3KV EPR,EACH,CAT-CBL,Cable,Polycab,LBU4C x P81J sqmm 2JCX/EWTN VVQV,,,,,,,,,,,,,
NTPC,NTPC-DEMO-4DD3CB,CABLE HAVELLS 8G1IC X CMEQ SQMM YWNP/99QW R5UW 19 EACH 435.03 MM2 33KV PVC,EACH,CAT-CBL,Cable,Havells,8G1IC x CMEQ sqmm YWNP/99QW R5UW,,,,,,,,,,,,,
IOCL,IOCL-DEMO-A86621,ELECTRICAL COMPONENT EATON LCVR-BOH1-ZGD1-1U0J 5585.53 KA 631056 KV 4P 31 KA,EACH,CAT-ELC,Electrical Component,Eaton,LCVR-BOH1-ZGD1-1U0J,,,,,,,,,,,,,
NTPC,NTPC-DEMO-99B745,INSTRUMENTATION HONEYWELL V6EM-X6OB-B61X-Q2U9-FAPK 64 DEGF HART 1/4 NPT 0.5%,EACH,CAT-INS,Instrumentation,Honeywell,V6EM-X6OB-B61X-Q2U9-FAPK,,,,,,,,,,,,,
NTPC,NTPC-DEMO-80C4D3,FASTENER KAMAX TQ4T-1T1KXJL9U-9NAR-X2AJ 86 MM 96 MM L7 METRIC FINE,EACH,CAT-FST,Fastener,Kamax,TQ4T-1T1KxJL9U-9NAR-X2AJ,,,,,,,86 mm,,,,,,
NTPC,NTPC-DEMO-4CAA4F,VALVE CRANE X0UY-8GWW-10UN-W9KM-077X-U39D 30.1 INCH 900# A105 LUG,EACH,CAT-VLV,Valve,Crane,X0UY-8GWW-10UN-W9KM-077X-U39D,,30.1 inch,900#,,,,,,,A105,,Lug,
SAIL,SAIL-DEMO-0B74CC,PPE MSA SAFETY K6IJ-LBDU-NU8J-EXPF M KEVLAR ANSI BLUE,EACH,CAT-PPE,PPE,MSA Safety,K6IJ-LBDU-NU8J-EXPF,,M,,,,,,,,,,,
ONGC,ONGC-DEMO-332560,ELECTRICAL COMPONENT SIEMENS 93AO-ALR5-S105-6YXA 35.26 A 619344 KV 3P 114 KA,EACH,CAT-ELC,Electrical Component,Siemens,93AO-ALR5-S105-6YXA,,,,,,,,,,,,,
BHEL,BHEL-DEMO-EFFF0A,VALVE CRANE CV3B-T4VJ-V5JT-228R-9DDK-BIXX 1.75 INCH 300# BRONZE SOCKET WELD,EACH,CAT-VLV,Valve,Crane,CV3B-T4VJ-V5JT-228R-9DDK-BIXX,,1.75 inch,300#,,,,,,,Bronze,,Socket Weld,
ONGC,ONGC-DEMO-DDABF4,BEARING TIMKEN HYKAWYYLIZLF (E.G. 6204-2RS1/C3) 1414 MM 677 MM 84 MM OPEN,EACH,CAT-BRG,Bearing,Timken,HYKAWYYLIZLF (e.g. 6204-2RS1/C3),,,,,,,,,Open,,,,
ONGC,ONGC-DEMO-483ED7,MOTOR SIEMENS WMJG-6RBJ-5NQE-2X2U-GLSR 656.42 HP 4383 V 60 HZ 750 RPM TEFC,EACH,CAT-MTR,Motor,Siemens,WMJG-6RBJ-5NQE-2X2U-GLSR,,,,4383 V,656.42 HP,60 HZ,,,,,,,
IOCL,IOCL-DEMO-57EBF3,VALVE CRANE V3QJ-Y0WE-TL44-7THE-OTAO-171F 2.77 INCH 2500# BRONZE FLANGED,EACH,CAT-VLV,Valve,Crane,V3QJ-Y0WE-TL44-7THE-OTAO-171F,,2.77 inch,2500#,,,,,,,Bronze,,Flanged,
NTPC,NTPC-DEMO-211648,INSTRUMENTATION ROSEMOUNT JW8Y-JAX9-854G-UW7S-G185 4587 DEGF MODBUS 1/4 NPT 0.1%,EACH,CAT-INS,Instrumentation,Rosemount,JW8Y-JAX9-854G-UW7S-G185,,,,,,,,,,,,,
NTPC,NTPC-DEMO-BAFF02,CABLE PRYSMIAN PA7ZC X RAI8 SQMM RIWH/X6I4 ASG8 50 EACH 910.73 AWG 1.1KV RUBBER,EACH,CAT-CBL,Cable,Prysmian,PA7ZC x RAI8 sqmm RIWH/X6I4 ASG8,,,,,,,,,,,,,
NTPC,NTPC-DEMO-F2C505,CABLE POLYCAB M58DC X IJTA SQMM QEJE/CYYN ZGGJ 51 EACH 352.84 MM2 33KV RUBBER,EACH,CAT-CBL,Cable,Polycab,M58DC x IJTA sqmm QEJE/CYYN ZGGJ,,,,,,,,,,,,,
ONGC,ONGC-DEMO-6C4BE3,MOTOR WEG X8AO-9II5-3JCA-2HCB-XRAS 8415.27 HP 4179 V 50 HZ 750 RPM TENV,EACH,CAT-MTR,Motor,WEG,X8AO-9II5-3JCA-2HCB-XRAS,,,,4179 V,8415.27 HP,50 HZ,,,,,,,
SAIL,SAIL-DEMO-F717BF,FLANGE MELESI DH0V-26NH-8MVT-WNL3-WOZX 16.48 INCH 600# LAP JOINT RAISED FACE (RF),EACH,CAT-FLG,Flange,Melesi,DH0V-26NH-8MVT-WNL3-WOZX,,16.48 inch,600#,,,,,,,,,,
SAIL,SAIL-DEMO-BF20BE,ELECTRICAL COMPONENT EATON IFHC-5GN9-8JPM-AL99 5800.8 KA 216509 KV 2P 61 KA,EACH,CAT-ELC,Electrical Component,Eaton,IFHC-5GN9-8JPM-AL99,,,,,,,,,,,,,
BHEL,BHEL-DEMO-59670E,VALVE CRANE T3DL-2LYO-1ZK5-O7VA-QBIJ-T0SB 32.94 MM 2500# WCB FLANGED,EACH,CAT-VLV,Valve,Crane,T3DL-2LYO-1ZK5-O7VA-QBIJ-T0SB,,32.94 mm,2500#,,,,,,,WCB,,Flanged,
BHEL,BHEL-DEMO-A27B01,GASKET KLINGER AAIQ-1PSB-VWT4-UEUH-4Z00-VML1 56.96 MM 150# RTJ SS304,EACH,CAT-GSK,Gasket,Klinger,AAIQ-1PSB-VWT4-UEUH-4Z00-VML1,,56.96 mm,150#,,,,,,,,,,
SAIL,SAIL-DEMO-72CADC,PUMP SULZER 53N6-M03S-DY0I-GF9D 12778 GPM 2859 FT 1941.64 KW,EACH,CAT-PMP,Pump,Sulzer,53N6-M03S-DY0I-GF9D,,,,,1941.64 KW,,,,,,,,
IOCL,IOCL-DEMO-432A6E,MOTOR WEG GJ5F-GXCH-HB5T-05RA-54Y0 5647.35 KW 9796 KV 60 HZ 1500 RPM TEFC,EACH,CAT-MTR,Motor,WEG,GJ5F-GXCH-HB5T-05RA-54Y0,,,,9796 KV,5647.35 kW,60 HZ,,,,,,,
NTPC,NTPC-DEMO-04DF85,PPE HONEYWELL GJTU-6HBL-WAQV-UMKI M POLYCARBONATE CE BLUE,EACH,CAT-PPE,PPE,Honeywell,GJTU-6HBL-WAQV-UMKI,,M,,,,,,,,,,,
NTPC,NTPC-DEMO-0D6FBC,PPE MSA SAFETY M8XS-65QQ-1J6T-5W4R XL KEVLAR ANSI RED,EACH,CAT-PPE,PPE,MSA Safety,M8XS-65QQ-1J6T-5W4R,,XL,,,,,,,,,,,
IOCL,IOCL-DEMO-18BB8A,LUBRICANT CASTROL MLTN MEXO NE3V - ZU5X ISO VG 68 SYNTHETIC (PAO) NLGI 1 641 L,EACH,CAT-LUB,Lubricant,Castrol,MLTN MEXO NE3V - ZU5X,,,,,,,,,,,,,
BHEL,BHEL-DEMO-3D9A43,LUBRICANT SHELL FGQO FQXR 3ORM - 1SLQ ISO VG 46 MINERAL NLGI 1 403 KG,EACH,CAT-LUB,Lubricant,Shell,FGQO FQXR 3ORM - 1SLQ,,,,,,,,,,,,,
BHEL,BHEL-DEMO-4F05CA,FLANGE GALPERTI W3D0-SJQH-0DZF-N7MM-VHO8 46.46 INCH 1500# WELD NECK RAISED FACE (RF),EACH,CAT-FLG,Flange,Galperti,W3D0-SJQH-0DZF-N7MM-VHO8,,46.46 inch,1500#,,,,,,,,,,
SAIL,SAIL-DEMO-A4452C,ELECTRICAL COMPONENT ABB 1T5J-T98B-6P03-GW19 2895.26 KA 309510 KV 2P 99 KA,EACH,CAT-ELC,Electrical Component,ABB,1T5J-T98B-6P03-GW19,,,,,,,,,,,,,
SAIL,SAIL-DEMO-F44A5F,ELECTRICAL COMPONENT SCHNEIDER ELECTRIC 6CKE-D7QV-19SX-2W9O 793.35 A 564590 V 3P 119 KA,EACH,CAT-ELC,Electrical Component,Schneider Electric,6CKE-D7QV-19SX-2W9O,,,,,,,,,,,,,
NTPC,NTPC-DEMO-1EB5CB,PPE ANSELL RWEK-H6WK-0WB2-XRBJ 7 POLYCARBONATE CE HI-VIS,EACH,CAT-PPE,PPE,Ansell,RWEK-H6WK-0WB2-XRBJ,,7,,,,,,,,,,,
BHEL,BHEL-DEMO-D75A75,GASKET LAMONS OQ7R-AC1C-QW9D-XCV4-QSQS-G47Z 42.49 MM 300# PTFE SS304,EACH,CAT-GSK,Gasket,Lamons,OQ7R-AC1C-QW9D-XCV4-QSQS-G47Z,,42.49 mm,300#,,,,,,,,,,
ONGC,ONGC-DEMO-D9A17D,FLANGE CHW FORGE GC7D-N97G-Z9IF-YR7C-ZTPW 8.26 INCH 900# SLIP-ON FLAT FACE (FF),EACH,CAT-FLG,Flange,CHW Forge,GC7D-N97G-Z9IF-YR7C-ZTPW,,8.26 inch,900#,,,,,,,,,,
IOCL,IOCL-DEMO-DD37F2,PIPE ARCELORMITTAL VXGC-TUH5-1CGL-OS3Y-TDHQ 55.94 MM SCH80 ASTM A106 GR B 9 FT,EACH,CAT-PIP,Pipe,ArcelorMittal,VXGC-TUH5-1CGL-OS3Y-TDHQ,ASTM A106 Gr B,,,,,,55.94 mm,SCH80,,,,,
BHEL,BHEL-DEMO-852794,ELECTRICAL COMPONENT ABB WRIW-7F2H-WEML-LWLA 3168.9 A 535433 V 3P 149 KA,EACH,CAT-ELC,Electrical Component,ABB,WRIW-7F2H-WEML-LWLA,,,,,,,,,,,,,
SAIL,SAIL-DEMO-DBF64A,CABLE HAVELLS WL0GC X DAE5 SQMM NZ0V/58RN LWTJ 15 EACH 994.98 AWG 11KV PVC,EACH,CAT-CBL,Cable,Havells,WL0GC x DAE5 sqmm NZ0V/58RN LWTJ,,,,,,,,,,,,,
BHEL,BHEL-DEMO-FEECF3,VALVE CRANE FRKS-N4E4-4RND-0SFT-0303-EVFN 38.51 INCH 900# LCC LUG,EACH,CAT-VLV,Valve,Crane,FRKS-N4E4-4RND-0SFT-0303-EVFN,,38.51 inch,900#,,,,,,,LCC,,Lug,
BHEL,BHEL-DEMO-B53CD9,FLANGE CHW FORGE V2II-3L1A-JAXY-EELN-JGHU 33.55 MM 900# SLIP-ON FLAT FACE (FF),EACH,CAT-FLG,Flange,CHW Forge,V2II-3L1A-JAXY-EELN-JGHU,,33.55 mm,900#,,,,,,,,,,
IOCL,IOCL-DEMO-300D71,ELECTRICAL COMPONENT SCHNEIDER ELECTRIC FKLJ-26XJ-10L4-WE08 2172.48 KA 32526 V 3P 25 KA,EACH,CAT-ELC,Electrical Component,Schneider Electric,FKLJ-26XJ-10L4-WE08,,,,,,,,,,,,,
NTPC,NTPC-DEMO-36EBE5,FASTENER BOSSARD JF1C-2IACXD1FE-X9CJ-CZNC 43 INCH 5 INCH A4-80 METRIC COARSE,EACH,CAT-FST,Fastener,Bossard,JF1C-2IACxD1FE-X9CJ-CZNC,,,,,,,43 inch,,,,,,
ONGC,ONGC-DEMO-854389,CABLE HAVELLS 7X1UC X ZFQZ SQMM HYFB/HVIG WT4V 81 EACH 594.39 MM2 33KV XLPE,EACH,CAT-CBL,Cable,Havells,7X1UC x ZFQZ sqmm HYFB/HVIG WT4V,,,,,,,,,,,,,
NTPC,NTPC-DEMO-6FB814,BEARING NTN Z2DCLPLL8R56 (E.G. 6204-2RS1/C3) 161 INCH 557 INCH 465 INCH 2RS,EACH,CAT-BRG,Bearing,NTN,Z2DCLPLL8R56 (e.g. 6204-2RS1/C3),,,,,,,,,2RS,,,,
BHEL,BHEL-DEMO-DB9E00,INSTRUMENTATION ENDRESS+HAUSER WGDH-FEMH-2CCG-ASUI-MYVI 6291 DEGF 0-10V 1/2 NPT 0.1%,EACH,CAT-INS,Instrumentation,Endress+Hauser,WGDH-FEMH-2CCG-ASUI-MYVI,,,,,,,,,,,,,
SAIL,SAIL-DEMO-EEA5D3,ELECTRICAL COMPONENT ABB 38UN-NEEE-R66C-DL7T 4119.49 KA 7827 KV 3P 122 KA,EACH,CAT-ELC,Electrical Component,ABB,38UN-NEEE-R66C-DL7T,,,,,,,,,,,,,
IOCL,IOCL-DEMO-8B016E,ELECTRICAL COMPONENT SCHNEIDER ELECTRIC XRQN-OGRI-P8JQ-JBJG 3060.65 A 2069 KV 3P 90 KA,EACH,CAT-ELC,Electrical Component,Schneider Electric,XRQN-OGRI-P8JQ-JBJG,,,,,,,,,,,,,
SAIL,SAIL-DEMO-2B25BE,INSTRUMENTATION YOKOGAWA 0Q9X-Y216-VEVG-QZOA-YLQR 1295 BAR 4-20MA SANITARY 1.0%,EACH,CAT-INS,Instrumentation,Yokogawa,0Q9X-Y216-VEVG-QZOA-YLQR,,,,,,,,,,,,,
ONGC,ONGC-DEMO-C0A7EC,PUMP FLOWSERVE WKBM-HSBR-Q8Z2-ORHK 19730 M3/H 552 FT 313.89 KW,EACH,CAT-PMP,Pump,Flowserve,WKBM-HSBR-Q8Z2-ORHK,,,,,313.89 KW,,,,,,,,
SAIL,SAIL-DEMO-A86702,PUMP KSB H3YX-TV51-7PYX-6A5P 11419 GPM 957 M 293.06 KW,EACH,CAT-PMP,Pump,KSB,H3YX-TV51-7PYX-6A5P,,,,,293.06 KW,,,,,,,,
SAIL,SAIL-DEMO-94DD62,MOTOR ABB 7N2X-HGC2-WIY6-DZKK-CHGV 5248.47 HP 4389 V 50 HZ 1000 RPM EXPLOSION PROOF,EACH,CAT-MTR,Motor,ABB,7N2X-HGC2-WIY6-DZKK-CHGV,,,,4389 V,5248.47 HP,50 HZ,,,,,,,
NTPC,NTPC-DEMO-26E133,VALVE FLOWSERVE 1P69-3LPH-Y9UH-4EOJ-ZSVA-X4FA 58.6 MM PN16 LCC WAFER,EACH,CAT-VLV,Valve,Flowserve,1P69-3LPH-Y9UH-4EOJ-ZSVA-X4FA,,58.6 mm,PN16,,,,,,,LCC,,Wafer,
NTPC,NTPC-DEMO-46BC01,CABLE LAPP GPK1C X J7F0 SQMM ED1N/S31O VVIS 71 EACH 615.35 MM2 66KV XLPE,EACH,CAT-CBL,Cable,LAPP,GPK1C x J7F0 sqmm ED1N/S31O VVIS,,,,,,,,,,,,,
SAIL,SAIL-DEMO-184736,ELECTRICAL COMPONENT SCHNEIDER ELECTRIC SGON-I2GV-QH15-N9M8 5525.54 KA 502309 V 2P 25 KA,EACH,CAT-ELC,Electrical Component,Schneider Electric,SGON-I2GV-QH15-N9M8,,,,,,,,,,,,,
BHEL,BHEL-DEMO-00E802,INSTRUMENTATION WIKA SL4H-RI5U-21JO-1GOJ-A32N 8013 PSI 0-10V 1/2 NPT 0.1%,EACH,CAT-INS,Instrumentation,WIKA,SL4H-RI5U-21JO-1GOJ-A32N,,,,,,,,,,,,,
SAIL,SAIL-DEMO-E80DC6,PIPE TENARIS XIB4-FTWA-YACL-C323-PGEP 49.11 INCH SCH40 ASTM A333 GR 6 9 M,EACH,CAT-PIP,Pipe,Tenaris,XIB4-FTWA-YACL-C323-PGEP,ASTM A333 Gr 6,,,,,,49.11 inch,SCH40,,,,,
ONGC,ONGC-DEMO-73429E,VALVE FLOWSERVE 7QT2-QODB-WZJ2-YF29-LRUW-68L8 43.32 MM PN40 BRONZE BUTT WELD,EACH,CAT-VLV,Valve,Flowserve,7QT2-QODB-WZJ2-YF29-LRUW-68L8,,43.32 mm,PN40,,,,,,,Bronze,,Butt Weld,
NTPC,NTPC-DEMO-D02F3F,VALVE KITZ DBGB-N00V-TS5T-0UYX-AUJN-ICTZ 14.52 MM 300# BRONZE SOCKET WELD,EACH,CAT-VLV,Valve,KITZ,DBGB-N00V-TS5T-0UYX-AUJN-ICTZ,,14.52 mm,300#,,,,,,,Bronze,,Socket Weld,
NTPC,NTPC-DEMO-327E0B,FLANGE ULMA NBM5-2R1G-OGCQ-OI4X-8T5D 25.09 MM 900# BLIND FLAT FACE (FF),EACH,CAT-FLG,Flange,Ulma,NBM5-2R1G-OGCQ-OI4X-8T5D,,25.09 mm,900#,,,,,,,,,,
SAIL,SAIL-DEMO-0193CB,VALVE KITZ 1XFF-6JIH-TR3W-SVRQ-M8YZ-1H93 53.42 INCH PN16 DUCTILE IRON BUTT WELD,EACH,CAT-VLV,Valve,KITZ,1XFF-6JIH-TR3W-SVRQ-M8YZ-1H93,,53.42 inch,PN16,,,,,,,Ductile Iron,,Butt Weld,
SAIL,SAIL-DEMO-969FE5,PIPE NIPPON STEEL QIFJ-G3HO-5WGX-WLU9-WPY9 111.52 INCH SCH40 ASTM A333 GR 6 12 M,EACH,CAT-PIP,Pipe,Nippon Steel,QIFJ-G3HO-5WGX-WLU9-WPY9,ASTM A333 Gr 6,,,,,,111.52 inch,SCH40,,,,,
ONGC,ONGC-DEMO-47CB24,LUBRICANT KLÜBER 53KE 4EVG N42R - WOVB ISO VG 220 SILICONE NLGI 2 913 L,EACH,CAT-LUB,Lubricant,Klüber,53KE 4EVG N42R - WOVB,,,,,,,,,,,,,
SAIL,SAIL-DEMO-6E2354,VALVE EMERSON F24P-GBI4-E8R2-LPQ0-EFM6-MO41 53.5 MM 150# A105 SOCKET WELD,EACH,CAT-VLV,Valve,Emerson,F24P-GBI4-E8R2-LPQ0-EFM6-MO41,,53.5 mm,150#,,,,,,,A105,,Socket Weld,
IOCL,IOCL-DEMO-EC188D,MOTOR WEG WRXD-NX8A-M0EY-7G7I-J4XD 1976.11 KW 9840 KV 60 HZ 1800 RPM ODP,EACH,CAT-MTR,Motor,WEG,WRXD-NX8A-M0EY-7G7I-J4XD,,,,9840 KV,1976.11 kW,60 HZ,,,,,,,
BHEL,BHEL-DEMO-511761,PIPE ARCELORMITTAL H1KU-5EPS-G0RO-M8BC-K5JG 16.89 INCH SCH40 ASTM A106 GR B 8 FT,EACH,CAT-PIP,Pipe,ArcelorMittal,H1KU-5EPS-G0RO-M8BC-K5JG,ASTM A106 Gr B,,,,,,16.89 inch,SCH40,,,,,
BHEL,BHEL-DEMO-8410BA,BEARING TIMKEN 4OEDXQ1MTO1K (E.G. 6204-2RS1/C3) 800 INCH 1813 INCH 423 MM ZZ,EACH,CAT-BRG,Bearing,Timken,4OEDXQ1MTO1K (e.g. 6204-2RS1/C3),,,,,,,,,ZZ,,,,
SAIL,SAIL-DEMO-EBD7F6,ELECTRICAL COMPONENT SIEMENS D70C-MSQB-972Q-4J1O 3280.73 KA 533552 V 1P 133 KA,EACH,CAT-ELC,Electrical Component,Siemens,D70C-MSQB-972Q-4J1O,,,,,,,,,,,,,
IOCL,IOCL-DEMO-E77420,FASTENER WÜRTH B797-JK2BXLE2X-CJ96-KOSX 66 INCH 265 MM L7 UNF,EACH,CAT-FST,Fastener,Würth,B797-JK2BxLE2X-CJ96-KOSX,,,,,,,66 inch,,,,,,
SAIL,SAIL-DEMO-C3FB5F,FLANGE MELESI XIG3-MMFB-3LD6-HAA2-WU1B 58.4 MM 900# SLIP-ON RING TYPE JOINT (RTJ),EACH,CAT-FLG,Flange,Melesi,XIG3-MMFB-3LD6-HAA2-WU1B,,58.4 mm,900#,,,,,,,,,,
IOCL,IOCL-DEMO-2CE2D8,FASTENER BOSSARD RT9M-5D4KX32UE-M5O0-0AEK 95 MM 468 INCH 12.9 METRIC COARSE,EACH,CAT-FST,Fastener,Bossard,RT9M-5D4Kx32UE-M5O0-0AEK,,,,,,,95 mm,,,,,,
NTPC,NTPC-DEMO-8A1BBE,PIPE JINDAL SAW 689R-5I5J-I3DR-X2KD-88HU 98.25 INCH SCH160 ASTM A106 GR B 6 M,EACH,CAT-PIP,Pipe,Jindal SAW,689R-5I5J-I3DR-X2KD-88HU,ASTM A106 Gr B,,,,,,98.25 inch,SCH160,,,,,
IOCL,IOCL-DEMO-2AAEC0,MOTOR WEG 09QT-NU59-4MFQ-YQBG-XUJI 3.68 HP 6976 V 60 HZ 3000 RPM TEFC,EACH,CAT-MTR,Motor,WEG,09QT-NU59-4MFQ-YQBG-XUJI,,,,6976 V,3.68 HP,60 HZ,,,,,,,
NTPC,NTPC-DEMO-46099A,LUBRICANT CASTROL IU1C UBKX 6PG2 - 78NU SAE 10W-40 MINERAL NLGI 3 870 KG,EACH,CAT-LUB,Lubricant,Castrol,IU1C UBKX 6PG2 - 78NU,,,,,,,,,,,,,
NTPC,NTPC-DEMO-C92EE0,ELECTRICAL COMPONENT SIEMENS PGUI-YQ3Y-KLTK-6GLA 1100.89 A 275256 V 2P 97 KA,EACH,CAT-ELC,Electrical Component,Siemens,PGUI-YQ3Y-KLTK-6GLA,,,,,,,,,,,,,
SAIL,SAIL-DEMO-BDA6BF,VALVE VELAN D4J6-54GC-HTUO-5T7E-9UF5-0TJF 35.56 MM 900# LCC SOCKET WELD,EACH,CAT-VLV,Valve,Velan,D4J6-54GC-HTUO-5T7E-9UF5-0TJF,,35.56 mm,900#,,,,,,,LCC,,Socket Weld,
SAIL,SAIL-DEMO-62B42B,PPE HONEYWELL 5UVF-TWR8-FTYN-ZASB 7 NITRILE EN 388 BLUE,EACH,CAT-PPE,PPE,Honeywell,5UVF-TWR8-FTYN-ZASB,,7,,,,,,,,,,,
IOCL,IOCL-DEMO-BBB0EB,PUMP KSB B3PP-KTIL-2ACQ-DKVP 5655 GPM 1437 FT 4754.24 HP,EACH,CAT-PMP,Pump,KSB,B3PP-KTIL-2ACQ-DKVP,,,,,4754.24 HP,,,,,,,,
ONGC,ONGC-DEMO-1D08E4,INSTRUMENTATION HONEYWELL TUAF-594D-LP61-HJE4-3TDJ 8365 DEGF 0-10V FLANGED 2 INCH 1.0%,EACH,CAT-INS,Instrumentation,Honeywell,TUAF-594D-LP61-HJE4-3TDJ,,,,,,,,,,,,,
ONGC,ONGC-DEMO-3095C9,PIPE NIPPON STEEL 0ADK-NZOM-FFVD-PONO-G4BL 82.82 MM XS API 5L X52 8 FT,EACH,CAT-PIP,Pipe,Nippon Steel,0ADK-NZOM-FFVD-PONO-G4BL,API 5L X52,,,,,,82.82 mm,XS,,,,,
IOCL,IOCL-DEMO-DF9A98,PPE DUPONT M9SK-Z3DR-8C66-HBV0 M POLYCARBONATE EN 397 WHITE,EACH,CAT-PPE,PPE,DuPont,M9SK-Z3DR-8C66-HBV0,,M,,,,,,,,,,,
ONGC,ONGC-DEMO-0436C0,CABLE LAPP SYT8C X MT63 SQMM TFAA/UWYC UF6G 1 EACH 960.61 AWG 11KV XLPE,EACH,CAT-CBL,Cable,LAPP,SYT8C x MT63 sqmm TFAA/UWYC UF6G,,,,,,,,,,,,,
BHEL,BHEL-DEMO-AD83A9,INSTRUMENTATION HONEYWELL 4F3Z-05UJ-AONH-M18J-K1MK 6946 BAR MODBUS 1/2 NPT 0.25%,EACH,CAT-INS,Instrumentation,Honeywell,4F3Z-05UJ-AONH-M18J-K1MK,,,,,,,,,,,,,
ONGC,ONGC-DEMO-AEEF30,FASTENER KAMAX RP62-LNSAXJ116-U76A-TTX4 20 MM 263 MM 12.9 UNC,EACH,CAT-FST,Fastener,Kamax,RP62-LNSAxJ116-U76A-TTX4,,,,,,,20 mm,,,,,,
BHEL,BHEL-DEMO-14CFF4,PUMP ITT GOULDS BXZO-M913-BRIR-8AL2 11191 GPM 2209 M 63.6 KW,EACH,CAT-PMP,Pump,ITT Goulds,BXZO-M913-BRIR-8AL2,,,,,63.6 KW,,,,,,,,
ONGC,ONGC-DEMO-334794,BEARING SKF NCH1KWDFW0BQ (E.G. 6204-2RS1/C3) 265 MM 88 MM 232 MM OPEN,EACH,CAT-BRG,Bearing,SKF,NCH1KWDFW0BQ (e.g. 6204-2RS1/C3),,,,,,,,,Open,,,,
SAIL,SAIL-DEMO-8BE911,VALVE FLOWSERVE 9P6J-DH6L-NWH4-I5LX-7OIE-L98S 46.12 INCH 300# DUCTILE IRON FLANGED,EACH,CAT-VLV,Valve,Flowserve,9P6J-DH6L-NWH4-I5LX-7OIE-L98S,,46.12 inch,300#,,,,,,,Ductile Iron,,Flanged,
SAIL,SAIL-DEMO-8C948E,PPE ANSELL G6XW-DJYZ-AZP0-GZ5N 8 LEATHER CE YELLOW,EACH,CAT-PPE,PPE,Ansell,G6XW-DJYZ-AZP0-GZ5N,,8,,,,,,,,,,,
IOCL,IOCL-DEMO-9921C6,PPE HONEYWELL 88V8-VEC3-RSTY-2XDU 9 POLYCARBONATE ANSI BLUE,EACH,CAT-PPE,PPE,Honeywell,88V8-VEC3-RSTY-2XDU,,9,,,,,,,,,,,
NTPC,NTPC-DEMO-7FD4B7,CABLE NEXANS 6TRXC X H4BZ SQMM VVTH/DRWI YYC6 100 EACH 816.42 MM2 3.3KV PVC,EACH,CAT-CBL,Cable,Nexans,6TRXC x H4BZ sqmm VVTH/DRWI YYC6,,,,,,,,,,,,,
BHEL,BHEL-DEMO-7AA46E,BEARING NSK CGD8JWC1CH6H (E.G. 6204-2RS1/C3) 729 INCH 909 INCH 403 MM ZZ,EACH,CAT-BRG,Bearing,NSK,CGD8JWC1CH6H (e.g. 6204-2RS1/C3),,,,,,,,,ZZ,,,,
SAIL,SAIL-DEMO-11E68A,LUBRICANT CASTROL MNCL ICWM DCSV - PB2O ISO VG 220 ESTER NLGI 0 755 L,EACH,CAT-LUB,Lubricant,Castrol,MNCL ICWM DCSV - PB2O,,,,,,,,,,,,,
ONGC,ONGC-DEMO-BA0F2C,CABLE PRYSMIAN 2B7VC X 59H2 SQMM DDBN/PXVR Q50L 81 EACH 864.46 MM2 3.3KV PVC,EACH,CAT-CBL,Cable,Prysmian,2B7VC x 59H2 sqmm DDBN/PXVR Q50L,,,,,,,,,,,,,
BHEL,BHEL-DEMO-3E70E0,LUBRICANT TOTALENERGIES V2SA DGWM GPNT - DJJB SAE 10W-40 SYNTHETIC (PAO) NLGI 2 419 L,EACH,CAT-LUB,Lubricant,TotalEnergies,V2SA DGWM GPNT - DJJB,,,,,,,,,,,,,
SAIL,SAIL-DEMO-907890,LUBRICANT TOTALENERGIES P4IU 7UN8 3M1S - ODL3 ISO VG 46 ESTER NLGI 0 889 L,EACH,CAT-LUB,Lubricant,TotalEnergies,P4IU 7UN8 3M1S - ODL3,,,,,,,,,,,,,
BHEL,BHEL-DEMO-2B855F,PPE DUPONT JRIV-5VN0-24KS-BKNB L KEVLAR EN 397 YELLOW,EACH,CAT-PPE,PPE,DuPont,JRIV-5VN0-24KS-BKNB,,L,,,,,,,,,,,
IOCL,IOCL-DEMO-6F4C72,FASTENER KAMAX IPPI-HYKKX4L8S-2E3C-F8NP 2 MM 425 MM 10.9 UNF,EACH,CAT-FST,Fastener,Kamax,IPPI-HYKKx4L8S-2E3C-F8NP,,,,,,,2 mm,,,,,,
BHEL,BHEL-DEMO-10750D,PUMP FLOWSERVE 4BZ5-WMPS-OS9E-NLXI 6332 M3/H 558 FT 1025.72 KW,EACH,CAT-PMP,Pump,Flowserve,4BZ5-WMPS-OS9E-NLXI,,,,,1025.72 KW,,,,,,,,
ONGC,ONGC-DEMO-D931E6,ELECTRICAL COMPONENT SIEMENS E7DM-3PX7-DK8N-IAW6 18.26 KA 387078 V 1P 116 KA,EACH,CAT-ELC,Electrical Component,Siemens,E7DM-3PX7-DK8N-IAW6,,,,,,,,,,,,,
SAIL,SAIL-DEMO-F1F629,MOTOR WEG E5ZP-7U5C-L62F-T2YF-A4OF 4690.63 HP 10129 KV 60 HZ 3000 RPM ODP,EACH,CAT-MTR,Motor,WEG,E5ZP-7U5C-L62F-T2YF-A4OF,,,,10129 KV,4690.63 HP,60 HZ,,,,,,,
ONGC,ONGC-DEMO-516FF6,VALVE EMERSON 5C78-FOPY-GL03-08RR-UVBF-F0WD 56.18 MM 600# DUCTILE IRON SOCKET WELD,EACH,CAT-VLV,Valve,Emerson,5C78-FOPY-GL03-08RR-UVBF-F0WD,,56.18 mm,600#,,,,,,,Ductile Iron,,Socket Weld,
BHEL,BHEL-DEMO-08FC86,FASTENER BOSSARD 2U8E-Y5LAXRITU-Y9QJ-A8W5 50 MM 31 INCH B7 METRIC COARSE,EACH,CAT-FST,Fastener,Bossard,2U8E-Y5LAxRITU-Y9QJ-A8W5,,,,,,,50 mm,,,,,,
BHEL,BHEL-DEMO-2636A8,PPE DUPONT K88J-FYWR-YPE0-5ID6 S KEVLAR ANSI YELLOW,EACH,CAT-PPE,PPE,DuPont,K88J-FYWR-YPE0-5ID6,,S,,,,,,,,,,,
IOCL,IOCL-DEMO-4E432D,INSTRUMENTATION YOKOGAWA Q8PL-OJTE-LSB6-8K0D-TZTG 7281 DEGF MODBUS 1/4 NPT 0.25%,EACH,CAT-INS,Instrumentation,Yokogawa,Q8PL-OJTE-LSB6-8K0D-TZTG,,,,,,,,,,,,,
SAIL,SAIL-DEMO-28973F,PPE 3M TIZQ-KZXE-G5ZY-C165 M NITRILE ANSI YELLOW,EACH,CAT-PPE,PPE,3M,TIZQ-KZXE-G5ZY-C165,,M,,,,,,,,,,,
SAIL,SAIL-DEMO-382F5E,VALVE CRANE 48WN-V8AQ-6C7L-FVW2-CI1P-VPVS 56.53 MM 2500# LCC THREADED,EACH,CAT-VLV,Valve,Crane,48WN-V8AQ-6C7L-FVW2-CI1P-VPVS,,56.53 mm,2500#,,,,,,,LCC,,Threaded,
NTPC,NTPC-DEMO-C9CF55,FASTENER KAMAX 8SV4-02F3XO1SR-AQMG-QYBY 96 MM 288 MM A4-80 UNC,EACH,CAT-FST,Fastener,Kamax,8SV4-02F3xO1SR-AQMG-QYBY,,,,,,,96 mm,,,,,,
IOCL,IOCL-DEMO-793BD1,BEARING SKF 27R2NC7E7ARS (E.G. 6204-2RS1/C3) 134 INCH 1285 MM 434 INCH 2RS,EACH,CAT-BRG,Bearing,SKF,27R2NC7E7ARS (e.g. 6204-2RS1/C3),,,,,,,,,2RS,,,,
BHEL,BHEL-DEMO-327F49,GASKET GARLOCK 5HQN-5QIE-79EN-BYI0-1LNW-MFWD 66.01 INCH 900# PTFE GRAPHITE/SS316,EACH,CAT-GSK,Gasket,Garlock,5HQN-5QIE-79EN-BYI0-1LNW-MFWD,,66.01 inch,900#,,,,,,,,,,
IOCL,IOCL-DEMO-381C7E,CABLE PRYSMIAN U0LDC X 2HUM SQMM R74R/R8R0 FK5W 59 EACH 257.92 MM2 33KV RUBBER,EACH,CAT-CBL,Cable,Prysmian,U0LDC x 2HUM sqmm R74R/R8R0 FK5W,,,,,,,,,,,,,
IOCL,IOCL-DEMO-59703B,PPE 3M Y6AX-76NO-CNHB-5I64 7 NITRILE ANSI RED,EACH,CAT-PPE,PPE,3M,Y6AX-76NO-CNHB-5I64,,7,,,,,,,,,,,
ONGC,ONGC-DEMO-6036FF,LUBRICANT SHELL E8LT L29M PIDD - 9ELW ISO VG 220 MINERAL NLGI 1 297 L,EACH,CAT-LUB,Lubricant,Shell,E8LT L29M PIDD - 9ELW,,,,,,,,,,,,,
IOCL,IOCL-DEMO-C6CAFE,PUMP KSB JOQ0-JUTU-AOWS-KCS7 19083 GPM 118 M 4212.01 HP,EACH,CAT-PMP,Pump,KSB,JOQ0-JUTU-AOWS-KCS7,,,,,4212.01 HP,,,,,,,,
ONGC,ONGC-DEMO-697931,PUMP SULZER P3KA-X507-MDTL-4VL3 3531 M3/H 1189 M 852.14 KW,EACH,CAT-PMP,Pump,Sulzer,P3KA-X507-MDTL-4VL3,,,,,852.14 KW,,,,,,,,
NTPC,NTPC-DEMO-3E5173,VALVE FLOWSERVE 27F0-LTE5-64OK-W0Y4-BLK0-4OSB 12.86 MM 300# LCC WAFER,EACH,CAT-VLV,Valve,Flowserve,27F0-LTE5-64OK-W0Y4-BLK0-4OSB,,12.86 mm,300#,,,,,,,LCC,,Wafer,
IOCL,IOCL-DEMO-635EB5,ELECTRICAL COMPONENT SIEMENS X2OQ-P9EY-I75X-LR7F 5443.37 KA 693010 KV 1P 32 KA,EACH,CAT-ELC,Electrical Component,Siemens,X2OQ-P9EY-I75X-LR7F,,,,,,,,,,,,,
NTPC,NTPC-DEMO-1D9306,GASKET LAMONS 5RXZ-MTWC-A4EB-HYND-FWMS-PJN2 35.78 MM 150# CNAF PTFE,EACH,CAT-GSK,Gasket,Lamons,5RXZ-MTWC-A4EB-HYND-FWMS-PJN2,,35.78 mm,150#,,,,,,,,,,
IOCL,IOCL-DEMO-E53C0F,GASKET LAMONS KCRT-TU5Z-55P3-8B5A-A6LW-5TTD 13.53 INCH 600# PTFE SS304,EACH,CAT-GSK,Gasket,Lamons,KCRT-TU5Z-55P3-8B5A-A6LW-5TTD,,13.53 inch,600#,,,,,,,,,,
ONGC,ONGC-DEMO-059585,GASKET FLEXITALLIC M9RW-NZC2-DEN1-XVMZ-IU91-SB7T 46.61 MM 1500# RTJ GRAPHITE/SS316,EACH,CAT-GSK,Gasket,Flexitallic,M9RW-NZC2-DEN1-XVMZ-IU91-SB7T,,46.61 mm,1500#,,,,,,,,,,
ONGC,ONGC-DEMO-F3CDA6,VALVE KITZ TRJO-PTF4-7NHD-VX3V-H8V2-ZC95 55.37 INCH PN40 CF8M BUTT WELD,EACH,CAT-VLV,Valve,KITZ,TRJO-PTF4-7NHD-VX3V-H8V2-ZC95,,55.37 inch,PN40,,,,,,,CF8M,,Butt Weld,
BHEL,BHEL-DEMO-56C212,FLANGE MELESI TZ71-Z47T-90CA-42CA-EFTS 10.79 MM 300# LAP JOINT RAISED FACE (RF),EACH,CAT-FLG,Flange,Melesi,TZ71-Z47T-90CA-42CA-EFTS,,10.79 mm,300#,,,,,,,,,,
ONGC,ONGC-DEMO-92A8EF,ELECTRICAL COMPONENT SIEMENS MJGH-JTHX-MESX-FP67 3495.11 A 87268 V 1P 81 KA,EACH,CAT-ELC,Electrical Component,Siemens,MJGH-JTHX-MESX-FP67,,,,,,,,,,,,,
ONGC,ONGC-DEMO-031BDC,MOTOR CROMPTON GREAVES SV5A-TGFA-EW0H-EX48-AX7L 2293.62 KW 10210 V 50 HZ 1500 RPM EXPLOSION PROOF,EACH,CAT-MTR,Motor,Crompton Greaves,SV5A-TGFA-EW0H-EX48-AX7L,,,,10210 V,2293.62 kW,50 HZ,,,,,,,
BHEL,BHEL-DEMO-CAC585,GASKET FLEXITALLIC E2SP-5HK7-UXXJ-VFT8-2LRZ-JVZ0 23.35 MM 2500# CNAF GRAPHITE/SS316,EACH,CAT-GSK,Gasket,Flexitallic,E2SP-5HK7-UXXJ-VFT8-2LRZ-JVZ0,,23.35 mm,2500#,,,,,,,,,,
SAIL,SAIL-DEMO-09F6F7,CABLE PRYSMIAN YX0SC X GP3T SQMM BPPU/I9M4 1FOR 42 EACH 309.38 MM2 11KV RUBBER,EACH,CAT-CBL,Cable,Prysmian,YX0SC x GP3T sqmm BPPU/I9M4 1FOR,,,,,,,,,,,,,
IOCL,IOCL-DEMO-6C3063,VALVE CRANE UFJX-6OUO-BSRX-DPSR-T0GM-3EPR 36.65 MM 900# WCB LUG,EACH,CAT-VLV,Valve,Crane,UFJX-6OUO-BSRX-DPSR-T0GM-3EPR,,36.65 mm,900#,,,,,,,WCB,,Lug,
IOCL,IOCL-DEMO-77D50D,INSTRUMENTATION YOKOGAWA TLIY-5XGT-4G55-4Y1V-EHWW 7032 DEGC 4-20MA FLANGED 2 INCH 1.0%,EACH,CAT-INS,Instrumentation,Yokogawa,TLIY-5XGT-4G55-4Y1V-EHWW,,,,,,,,,,,,,
SAIL,SAIL-DEMO-EEC757,FLANGE GALPERTI N8YV-3W0E-SMXN-Z9XQ-KYVC 49.9 INCH 150# THREADED FLAT FACE (FF),EACH,CAT-FLG,Flange,Galperti,N8YV-3W0E-SMXN-Z9XQ-KYVC,,49.9 inch,150#,,,,,,,,,,
SAIL,SAIL-DEMO-9EE9E2,PUMP FLOWSERVE 3O9W-O347-QFOD-OV25 375 GPM 389 FT 4201.58 HP,EACH,CAT-PMP,Pump,Flowserve,3O9W-O347-QFOD-OV25,,,,,4201.58 HP,,,,,,,,
ONGC,ONGC-DEMO-3334E2,GASKET LAMONS CGM5-THF2-FH3X-VCG6-BUQZ-R17Z 68.58 MM 2500# SPIRAL WOUND SOFT IRON,EACH,CAT-GSK,Gasket,Lamons,CGM5-THF2-FH3X-VCG6-BUQZ-R17Z,,68.58 mm,2500#,,,,,,,,,,
ONGC,ONGC-DEMO-06C143,INSTRUMENTATION ENDRESS+HAUSER MNJO-X7VS-2T5Q-1M4M-GQ4R 1303 DEGC MODBUS 1/2 NPT 0.5%,EACH,CAT-INS,Instrumentation,Endress+Hauser,MNJO-X7VS-2T5Q-1M4M-GQ4R,,,,,,,,,,,,,
SAIL,SAIL-DEMO-F25A46,LUBRICANT KLÜBER RH9L KH8G TEBT - CE42 SAE 10W-40 PAG NLGI 3 402 L,EACH,CAT-LUB,Lubricant,Klüber,RH9L KH8G TEBT - CE42,,,,,,,,,,,,,
BHEL,BHEL-DEMO-536E52,FLANGE ULMA OLFA-1HM2-6EU4-L3W3-2P93 11.52 MM 150# WELD NECK RAISED FACE (RF),EACH,CAT-FLG,Flange,Ulma,OLFA-1HM2-6EU4-L3W3-2P93,,11.52 mm,150#,,,,,,,,,,
SAIL,SAIL-DEMO-97109C,BEARING FAG QO5WURA3CD35 (E.G. 6204-2RS1/C3) 1339 INCH 1454 INCH 67 MM Z,EACH,CAT-BRG,Bearing,FAG,QO5WURA3CD35 (e.g. 6204-2RS1/C3),,,,,,,,,Z,,,,
BHEL,BHEL-DEMO-03BC66,MOTOR WEG ACPC-88BT-1N5B-BKIK-PMEQ 2829.42 HP 904 KV 50 HZ 1000 RPM ODP,EACH,CAT-MTR,Motor,WEG,ACPC-88BT-1N5B-BKIK-PMEQ,,,,904 KV,2829.42 HP,50 HZ,,,,,,,
BHEL,BHEL-DEMO-F813A4,VALVE KITZ K5JC-7R4W-LI46-TZLA-FBQE-IAO5 63.49 INCH PN40 LCC WAFER,EACH,CAT-VLV,Valve,KITZ,K5JC-7R4W-LI46-TZLA-FBQE-IAO5,,63.49 inch,PN40,,,,,,,LCC,,Wafer,
IOCL,IOCL-DEMO-B1CD51,MOTOR CROMPTON GREAVES MTOJ-LNEP-A3GV-A8H6-ZL9N 7451.38 HP 6789 V 60 HZ 750 RPM EXPLOSION PROOF,EACH,CAT-MTR,Motor,Crompton Greaves,MTOJ-LNEP-A3GV-A8H6-ZL9N,,,,6789 V,7451.38 HP,60 HZ,,,,,,,
SAIL,SAIL-DEMO-CBBC73,FASTENER KAMAX U1OC-NR7LXBOQ2-4KK3-ZBY9 76 INCH 175 MM 12.9 METRIC COARSE,EACH,CAT-FST,Fastener,Kamax,U1OC-NR7LxBOQ2-4KK3-ZBY9,,,,,,,76 inch,,,,,,
ONGC,ONGC-DEMO-3912CA,VALVE VELAN TYOL-RDPQ-NW59-WL8H-5FGD-LHCB 46.55 INCH 900# A105 THREADED,EACH,CAT-VLV,Valve,Velan,TYOL-RDPQ-NW59-WL8H-5FGD-LHCB,,46.55 inch,900#,,,,,,,A105,,Threaded,
NTPC,NTPC-DEMO-D2AA5D,ELECTRICAL COMPONENT EATON PFFT-Q5CP-ZW07-1ZCS 4474.48 KA 303361 KV 4P 67 KA,EACH,CAT-ELC,Electrical Component,Eaton,PFFT-Q5CP-ZW07-1ZCS,,,,,,,,,,,,,
SAIL,SAIL-DEMO-C8E745,PIPE TENARIS 1X33-9O5V-Z10J-H89M-BVBW 55.82 INCH SCH160 ASTM A106 GR B 8 FT,EACH,CAT-PIP,Pipe,Tenaris,1X33-9O5V-Z10J-H89M-BVBW,ASTM A106 Gr B,,,,,,55.82 inch,SCH160,,,,,
SAIL,SAIL-DEMO-B9778A,LUBRICANT SHELL IVUC F5OG OSKZ - I1QS ISO VG 68 SILICONE NLGI 2 694 KG,EACH,CAT-LUB,Lubricant,Shell,IVUC F5OG OSKZ - I1QS,,,,,,,,,,,,,
NTPC,NTPC-DEMO-359878,FASTENER WÜRTH WTVS-R4SBXG3LU-ULNM-Z34O 65 INCH 27 INCH 10.9 METRIC FINE,EACH,CAT-FST,Fastener,Würth,WTVS-R4SBxG3LU-ULNM-Z34O,,,,,,,65 inch,,,,,,
ONGC,ONGC-DEMO-62BF18,BEARING NSK 10T9BUUKWVBJ (E.G. 6204-2RS1/C3) 212 MM 1994 INCH 490 MM ZZ,EACH,CAT-BRG,Bearing,NSK,10T9BUUKWVBJ (e.g. 6204-2RS1/C3),,,,,,,,,ZZ,,,,
ONGC,ONGC-DEMO-2921D7,PUMP FLOWSERVE WRX6-K5SI-4L4I-RSFW 10232 GPM 1935 M 3243.13 HP,EACH,CAT-PMP,Pump,Flowserve,WRX6-K5SI-4L4I-RSFW,,,,,3243.13 HP,,,,,,,,
BHEL,BHEL-DEMO-5EC9BC,FLANGE MELESI OV54-7P17-4KGE-KHMY-MXFW 16.52 MM 900# SOCKET WELD FLAT FACE (FF),EACH,CAT-FLG,Flange,Melesi,OV54-7P17-4KGE-KHMY-MXFW,,16.52 mm,900#,,,,,,,,,,
SAIL,SAIL-DEMO-B4F232,BEARING NTN 17C9IXIHMI4I (E.G. 6204-2RS1/C3) 293 MM 1782 INCH 320 INCH OPEN,EACH,CAT-BRG,Bearing,NTN,17C9IXIHMI4I (e.g. 6204-2RS1/C3),,,,,,,,,Open,,,,
BHEL,BHEL-DEMO-B4CE60,ELECTRICAL COMPONENT ABB 19I2-LNYF-J8EN-ZYWX 1119.05 A 113308 V 3P 66 KA,EACH,CAT-ELC,Electrical Component,ABB,19I2-LNYF-J8EN-ZYWX,,,,,,,,,,,,,
IOCL,IOCL-DEMO-3A946E,MOTOR BALDOR 1PFC-QSX9-7SWY-FILZ-37JP 8576.69 KW 6630 V 60 HZ 900 RPM TEFC,EACH,CAT-MTR,Motor,Baldor,1PFC-QSX9-7SWY-FILZ-37JP,,,,6630 V,8576.69 kW,60 HZ,,,,,,,
IOCL,IOCL-DEMO-A27A1D,PPE 3M SYK7-VO5E-9A7M-1FWD 9 LEATHER EN 397 HI-VIS,EACH,CAT-PPE,PPE,3M,SYK7-VO5E-9A7M-1FWD,,9,,,,,,,,,,,
IOCL,IOCL-DEMO-70BB2E,BEARING SKF 26DOCQPKA56T (E.G. 6204-2RS1/C3) 412 MM 1201 MM 20 INCH 2RS,EACH,CAT-BRG,Bearing,SKF,26DOCQPKA56T (e.g. 6204-2RS1/C3),,,,,,,,,2RS,,,,
SAIL,SAIL-DEMO-F742F0,CABLE POLYCAB UMWXC X P23Y SQMM ROY1/N9ZG CYI5 26 EACH 883.24 MM2 11KV PVC,EACH,CAT-CBL,Cable,Polycab,UMWXC x P23Y sqmm ROY1/N9ZG CYI5,,,,,,,,,,,,,
NTPC,NTPC-DEMO-751E04,BEARING FAG 1KYWYGKUH36K (E.G. 6204-2RS1/C3) 27 INCH 1369 INCH 368 MM 2RS,EACH,CAT-BRG,Bearing,FAG,1KYWYGKUH36K (e.g. 6204-2RS1/C3),,,,,,,,,2RS,,,,
BHEL,BHEL-DEMO-D56897,FASTENER HILTI M13K-1Z63XDS7D-PBTA-EVZU 41 MM 278 MM 8.8 METRIC FINE,EACH,CAT-FST,Fastener,Hilti,M13K-1Z63xDS7D-PBTA-EVZU,,,,,,,41 mm,,,,,,
ONGC,ONGC-DEMO-FD1569,PIPE JINDAL SAW FAI2-VHF2-K4FA-33TK-42KM 15.22 MM SCH160 ASTM A106 GR B 11 M,EACH,CAT-PIP,Pipe,Jindal SAW,FAI2-VHF2-K4FA-33TK-42KM,ASTM A106 Gr B,,,,,,15.22 mm,SCH160,,,,,
SAIL,SAIL-DEMO-7F5873,BEARING NSK ELL03Z40YQCT (E.G. 6204-2RS1/C3) 52 MM 1236 INCH 139 INCH 2RS,EACH,CAT-BRG,Bearing,NSK,ELL03Z40YQCT (e.g. 6204-2RS1/C3),,,,,,,,,2RS,,,,
IOCL,IOCL-DEMO-A01C10,PPE DUPONT FBL2-RMRO-XR9T-S814 8 HDPE ANSI RED,EACH,CAT-PPE,PPE,DuPont,FBL2-RMRO-XR9T-S814,,8,,,,,,,,,,,
SAIL,SAIL-DEMO-93B256,FASTENER HILTI 994X-2XTJXC27O-MD0M-GMGF 11 MM 195 MM 12.9 UNC,EACH,CAT-FST,Fastener,Hilti,994X-2XTJxC27O-MD0M-GMGF,,,,,,,11 mm,,,,,,
IOCL,IOCL-DEMO-EC4337,PUMP ITT GOULDS X4VP-XAXF-TON2-HRAJ 19623 GPM 14 FT 2912.92 HP,EACH,CAT-PMP,Pump,ITT Goulds,X4VP-XAXF-TON2-HRAJ,,,,,2912.92 HP,,,,,,,,
SAIL,SAIL-DEMO-B2F672,MOTOR ABB R99V-3KHS-XMFT-RH53-ESRD 320.3 HP 5022 KV 50 HZ 900 RPM TEFC,EACH,CAT-MTR,Motor,ABB,R99V-3KHS-XMFT-RH53-ESRD,,,,5022 KV,320.3 HP,50 HZ,,,,,,,
NTPC,NTPC-DEMO-30CBC8,FASTENER HILTI DXOF-KHGTX2ZVU-JDPO-2A21 75 INCH 351 MM 8.8 UNF,EACH,CAT-FST,Fastener,Hilti,DXOF-KHGTx2ZVU-JDPO-2A21,,,,,,,75 inch,,,,,,
ONGC,ONGC-DEMO-7AB174,BEARING FAG P93D5VY9K03M (E.G. 6204-2RS1/C3) 583 INCH 557 MM 276 MM NR,EACH,CAT-BRG,Bearing,FAG,P93D5VY9K03M (e.g. 6204-2RS1/C3),,,,,,,,,NR,,,,
NTPC,NTPC-DEMO-B9B61F,CABLE LAPP ZTU2C X TQHY SQMM N62B/MNAN 2TDU 71 EACH 708.25 MM2 3.3KV EPR,EACH,CAT-CBL,Cable,LAPP,ZTU2C x TQHY sqmm N62B/MNAN 2TDU,,,,,,,,,,,,,
BHEL,BHEL-DEMO-9DAC49,MOTOR CROMPTON GREAVES 06IC-957P-3W57-FQP6-6TRF 1366.78 HP 7031 KV 50 HZ 1200 RPM TEFC,EACH,CAT-MTR,Motor,Crompton Greaves,06IC-957P-3W57-FQP6-6TRF,,,,7031 KV,1366.78 HP,50 HZ,,,,,,,
ONGC,ONGC-DEMO-7B5B47,INSTRUMENTATION HONEYWELL ENMP-4PJ7-QFYM-99KV-OQX3 7532 DEGF MODBUS 1/2 NPT 0.5%,EACH,CAT-INS,Instrumentation,Honeywell,ENMP-4PJ7-QFYM-99KV-OQX3,,,,,,,,,,,,,
NTPC,NTPC-DEMO-7658B7,GASKET GARLOCK 3RL7-WWST-SPCN-1PEL-DGJB-WP3Z 71.29 MM 2500# CNAF GRAPHITE/SS316,EACH,CAT-GSK,Gasket,Garlock,3RL7-WWST-SPCN-1PEL-DGJB-WP3Z,,71.29 mm,2500#,,,,,,,,,,
SAIL,SAIL-DEMO-8BCD4F,BEARING NTN 8OX9DYVSPXQI (E.G. 6204-2RS1/C3) 450 MM 1869 MM 390 MM Z,EACH,CAT-BRG,Bearing,NTN,8OX9DYVSPXQI (e.g. 6204-2RS1/C3),,,,,,,,,Z,,,,
BHEL,BHEL-DEMO-017847,PUMP ITT GOULDS FH4X-35A7-7Y4J-32ZH 11658 M3/H 2835 M 2105.44 KW,EACH,CAT-PMP,Pump,ITT Goulds,FH4X-35A7-7Y4J-32ZH,,,,,2105.44 KW,,,,,,,,
IOCL,IOCL-DEMO-6A415E,ELECTRICAL COMPONENT EATON 7KC6-UP7M-7JDN-NMYM 5069.2 KA 603155 KV 4P 81 KA,EACH,CAT-ELC,Electrical Component,Eaton,7KC6-UP7M-7JDN-NMYM,,,,,,,,,,,,,
IOCL,IOCL-DEMO-4BC9E8,ELECTRICAL COMPONENT SCHNEIDER ELECTRIC 9QZU-2M1Z-W0CY-SREZ 1358.85 A 702904 V 4P 114 KA,EACH,CAT-ELC,Electrical Component,Schneider Electric,9QZU-2M1Z-W0CY-SREZ,,,,,,,,,,,,,
NTPC,NTPC-DEMO-5A9AD4,GASKET KLINGER CLNE-7LOB-Q2IA-VGM1-KXKI-ZEJO 64.7 INCH 2500# RTJ PTFE,EACH,CAT-GSK,Gasket,Klinger,CLNE-7LOB-Q2IA-VGM1-KXKI-ZEJO,,64.7 inch,2500#,,,,,,,,,,
SAIL,SAIL-DEMO-398AA3,MOTOR BALDOR R1AT-WL1N-AHF4-5VLG-PTV4 2920.72 KW 116 V 60 HZ 1500 RPM TEFC,EACH,CAT-MTR,Motor,Baldor,R1AT-WL1N-AHF4-5VLG-PTV4,,,,116 V,2920.72 kW,60 HZ,,,,,,,
SAIL,SAIL-DEMO-1C627E,PIPE VALLOUREC TIQA-P85B-UIP6-9Q0C-K069 22.37 MM SCH40 API 5L X52 9 FT,EACH,CAT-PIP,Pipe,Vallourec,TIQA-P85B-UIP6-9Q0C-K069,API 5L X52,,,,,,22.37 mm,SCH40,,,,,
BHEL,BHEL-DEMO-4435A5,INSTRUMENTATION YOKOGAWA WHXU-L7N1-5DFG-197Z-XCU7 6856 DEGF 4-20MA 1/2 NPT 1.0%,EACH,CAT-INS,Instrumentation,Yokogawa,WHXU-L7N1-5DFG-197Z-XCU7,,,,,,,,,,,,,
IOCL,IOCL-DEMO-1A89B8,ELECTRICAL COMPONENT ABB 0IKE-H85R-SRST-ILAL 715.81 KA 587095 V 1P 94 KA,EACH,CAT-ELC,Electrical Component,ABB,0IKE-H85R-SRST-ILAL,,,,,,,,,,,,,
NTPC,NTPC-DEMO-E07BDB,INSTRUMENTATION ENDRESS+HAUSER GS7M-1SWV-R9PR-B2PM-UBJD 1103 DEGC 4-20MA SANITARY 0.5%,EACH,CAT-INS,Instrumentation,Endress+Hauser,GS7M-1SWV-R9PR-B2PM-UBJD,,,,,,,,,,,,,
NTPC,NTPC-DEMO-EF26B3,FLANGE CHW FORGE X811-130N-5DOC-CMLE-6KIV 16.57 MM 900# BLIND RING TYPE JOINT (RTJ),EACH,CAT-FLG,Flange,CHW Forge,X811-130N-5DOC-CMLE-6KIV,,16.57 mm,900#,,,,,,,,,,
IOCL,IOCL-DEMO-36C982,INSTRUMENTATION HONEYWELL ZBM3-3H5T-7WS0-S24U-LK9Y 2168 DEGF 0-10V SANITARY 0.5%,EACH,CAT-INS,Instrumentation,Honeywell,ZBM3-3H5T-7WS0-S24U-LK9Y,,,,,,,,,,,,,
ONGC,ONGC-DEMO-403314,LUBRICANT MOBIL 7S33 S66B IW2S - 9IRK ISO VG 32 MINERAL NLGI 1 63 KG,EACH,CAT-LUB,Lubricant,Mobil,7S33 S66B IW2S - 9IRK,,,,,,,,,,,,,
IOCL,IOCL-DEMO-E39217,GASKET KLINGER WXI8-99HT-24JJ-FVGU-X70C-CUMV 48.13 MM 300# PTFE GRAPHITE/SS316,EACH,CAT-GSK,Gasket,Klinger,WXI8-99HT-24JJ-FVGU-X70C-CUMV,,48.13 mm,300#,,,,,,,,,,
IOCL,IOCL-DEMO-D89CE2,PIPE NIPPON STEEL WOUC-VWPR-W69E-LHAT-RP2H 65.76 MM SCH40 ASTM A312 TP316L 8 FT,EACH,CAT-PIP,Pipe,Nippon Steel,WOUC-VWPR-W69E-LHAT-RP2H,ASTM A312 TP316L,,,,,,65.76 mm,SCH40,,,,,
IOCL,IOCL-DEMO-670852,ELECTRICAL COMPONENT ABB 3QCL-9OL4-DSIL-EXFX 1982.65 KA 452109 KV 4P 74 KA,EACH,CAT-ELC,Electrical Component,ABB,3QCL-9OL4-DSIL-EXFX,,,,,,,,,,,,,
IOCL,IOCL-DEMO-660F7C,MOTOR WEG 79W2-OGZQ-OPQK-56MO-EWIC 5017.58 KW 4998 V 60 HZ 900 RPM TENV,EACH,CAT-MTR,Motor,WEG,79W2-OGZQ-OPQK-56MO-EWIC,,,,4998 V,5017.58 kW,60 HZ,,,,,,,
NTPC,NTPC-DEMO-D5AE5A,INSTRUMENTATION ROSEMOUNT 4VU2-17NK-868Q-60AL-JI85 9344 DEGF PROFIBUS 1/4 NPT 0.25%,EACH,CAT-INS,Instrumentation,Rosemount,4VU2-17NK-868Q-60AL-JI85,,,,,,,,,,,,,
BHEL,BHEL-DEMO-C23329,CABLE PRYSMIAN 5VBYC X JQ4Y SQMM PNRD/SBU9 TDBL 9 EACH 157.69 MM2 1.1KV EPR,EACH,CAT-CBL,Cable,Prysmian,5VBYC x JQ4Y sqmm PNRD/SBU9 TDBL,,,,,,,,,,,,,
IOCL,IOCL-DEMO-8C7BBC,BEARING TIMKEN ZLIJXWAS6R9Z (E.G. 6204-2RS1/C3) 676 INCH 599 INCH 61 INCH OPEN,EACH,CAT-BRG,Bearing,Timken,ZLIJXWAS6R9Z (e.g. 6204-2RS1/C3),,,,,,,,,Open,,,,
ONGC,ONGC-DEMO-E4A4F5,VALVE VELAN GLIV-3QC4-8MI5-0XR5-OMWL-AZAA 22.13 MM PN40 CF8M SOCKET WELD,EACH,CAT-VLV,Valve,Velan,GLIV-3QC4-8MI5-0XR5-OMWL-AZAA,,22.13 mm,PN40,,,,,,,CF8M,,Socket Weld,
IOCL,IOCL-DEMO-8A2744,FLANGE GALPERTI 2N1A-DVCD-6771-PVB1-4ZT6 58.81 INCH 300# SOCKET WELD RAISED FACE (RF),EACH,CAT-FLG,Flange,Galperti,2N1A-DVCD-6771-PVB1-4ZT6,,58.81 inch,300#,,,,,,,,,,
NTPC,NTPC-DEMO-F69270,FLANGE GALPERTI 50DF-QG2X-JYCX-IPNY-XANC 13.11 MM 900# BLIND RING TYPE JOINT (RTJ),EACH,CAT-FLG,Flange,Galperti,50DF-QG2X-JYCX-IPNY-XANC,,13.11 mm,900#,,,,,,,,,,
SAIL,SAIL-DEMO-A82F49,PUMP KSB 10S4-56VT-6KXC-YCFV 11212 M3/H 1528 M 3854.15 KW,EACH,CAT-PMP,Pump,KSB,10S4-56VT-6KXC-YCFV,,,,,3854.15 KW,,,,,,,,
BHEL,BHEL-DEMO-08B2F3,FLANGE GALPERTI TB86-G9LY-G6Y0-UPIZ-LUL4 12.17 MM 1500# BLIND FLAT FACE (FF),EACH,CAT-FLG,Flange,Galperti,TB86-G9LY-G6Y0-UPIZ-LUL4,,12.17 mm,1500#,,,,,,,,,,
ONGC,ONGC-DEMO-10284B,LUBRICANT KLÜBER RAEY EV0R 9PJU - FGR3 ISO VG 220 MINERAL NLGI 1 842 L,EACH,CAT-LUB,Lubricant,Klüber,RAEY EV0R 9PJU - FGR3,,,,,,,,,,,,,
IOCL,IOCL-DEMO-EC2947,FLANGE GALPERTI 66DW-K14H-NN3W-GJML-PFS1 51.07 INCH 900# LAP JOINT RAISED FACE (RF),EACH,CAT-FLG,Flange,Galperti,66DW-K14H-NN3W-GJML-PFS1,,51.07 inch,900#,,,,,,,,,,
NTPC,NTPC-DEMO-9E9EE8,ELECTRICAL COMPONENT SIEMENS VAHX-LLSN-4NAA-PFPC 3948.74 KA 134016 KV 4P 18 KA,EACH,CAT-ELC,Electrical Component,Siemens,VAHX-LLSN-4NAA-PFPC,,,,,,,,,,,,,
SAIL,SAIL-DEMO-0A5C80,FASTENER BOSSARD THKO-Y5GJX8MMG-R0XH-5XOY 74 MM 323 MM A4-80 UNF,EACH,CAT-FST,Fastener,Bossard,THKO-Y5GJx8MMG-R0XH-5XOY,,,,,,,74 mm,,,,,,
ONGC,ONGC-DEMO-13D8BD,BEARING TIMKEN 4371V2YQKAKA (E.G. 6204-2RS1/C3) 426 MM 1507 INCH 447 MM ZZ,EACH,CAT-BRG,Bearing,Timken,4371V2YQKAKA (e.g. 6204-2RS1/C3),,,,,,,,,ZZ,,,,
ONGC,ONGC-DEMO-7B20EE,ELECTRICAL COMPONENT EATON 1AEC-YCRN-5T2T-XGAO 1972.01 KA 616601 KV 4P 147 KA,EACH,CAT-ELC,Electrical Component,Eaton,1AEC-YCRN-5T2T-XGAO,,,,,,,,,,,,,
IOCL,IOCL-DEMO-3856B0,PIPE VALLOUREC 3HNY-LMAQ-FXX8-V9W6-Z4N5 37.11 INCH SCH10 ASTM A333 GR 6 10 M,EACH,CAT-PIP,Pipe,Vallourec,3HNY-LMAQ-FXX8-V9W6-Z4N5,ASTM A333 Gr 6,,,,,,37.11 inch,SCH10,,,,,
SAIL,SAIL-DEMO-F4E92A,GASKET FLEXITALLIC 6VIM-LGUR-M44R-LEKM-ZC2J-VHAL 70.84 INCH 2500# PTFE SOFT IRON,EACH,CAT-GSK,Gasket,Flexitallic,6VIM-LGUR-M44R-LEKM-ZC2J-VHAL,,70.84 inch,2500#,,,,,,,,,,
ONGC,ONGC-DEMO-C09884,FLANGE ULMA Z65P-H1LZ-AXZ5-WEY7-CPOC 59.15 MM 300# SOCKET WELD RING TYPE JOINT (RTJ),EACH,CAT-FLG,Flange,Ulma,Z65P-H1LZ-AXZ5-WEY7-CPOC,,59.15 mm,300#,,,,,,,,,,
SAIL,SAIL-DEMO-6D9E2C,ELECTRICAL COMPONENT ABB MY1U-FDTX-HM7I-43D0 2498.25 KA 526580 KV 3P 48 KA,EACH,CAT-ELC,Electrical Component,ABB,MY1U-FDTX-HM7I-43D0,,,,,,,,,,,,,
IOCL,IOCL-DEMO-D396B6,PPE ANSELL WMAV-VF35-BTLY-5WYA M KEVLAR EN 388 BLUE,EACH,CAT-PPE,PPE,Ansell,WMAV-VF35-BTLY-5WYA,,M,,,,,,,,,,,
NTPC,NTPC-DEMO-455ACA,LUBRICANT MOBIL V4SW TBMI QZEY - GDE3 SAE 10W-40 MINERAL NLGI 3 822 L,EACH,CAT-LUB,Lubricant,Mobil,V4SW TBMI QZEY - GDE3,,,,,,,,,,,,,
ONGC,ONGC-DEMO-3F785A,PIPE TENARIS YXS9-UKD7-VI8R-0GAF-IVLE 35.49 MM SCH80 API 5L X52 11 M,EACH,CAT-PIP,Pipe,Tenaris,YXS9-UKD7-VI8R-0GAF-IVLE,API 5L X52,,,,,,35.49 mm,SCH80,,,,,
NTPC,NTPC-DEMO-C0701C,PIPE VALLOUREC QZRL-Y245-KUOV-JWGC-Q0YD 111.25 MM SCH40 ASTM A106 GR B 10 M,EACH,CAT-PIP,Pipe,Vallourec,QZRL-Y245-KUOV-JWGC-Q0YD,ASTM A106 Gr B,,,,,,111.25 mm,SCH40,,,,,
ONGC,ONGC-DEMO-7A9D27,VALVE CRANE AQ1H-INVH-563D-PZIC-FCYL-8JWP 21.99 MM PN16 DUCTILE IRON FLANGED,EACH,CAT-VLV,Valve,Crane,AQ1H-INVH-563D-PZIC-FCYL-8JWP,,21.99 mm,PN16,,,,,,,Ductile Iron,,Flanged,
ONGC,ONGC-DEMO-6ABA18,GASKET GARLOCK 6BP0-A3GQ-B88S-U31L-KY24-CF8Q 26.44 INCH 150# CNAF PTFE,EACH,CAT-GSK,Gasket,Garlock,6BP0-A3GQ-B88S-U31L-KY24-CF8Q,,26.44 inch,150#,,,,,,,,,,
ONGC,ONGC-DEMO-DD14C2,FLANGE GALPERTI Z0FY-S4FV-YPZH-INP6-8WLK 45.6 INCH 600# WELD NECK FLAT FACE (FF),EACH,CAT-FLG,Flange,Galperti,Z0FY-S4FV-YPZH-INP6-8WLK,,45.6 inch,600#,,,,,,,,,,
BHEL,BHEL-DEMO-AE0FD9,GASKET KLINGER IEPE-6197-UNLP-FKBR-71F8-72L4 8.89 MM 150# RTJ SOFT IRON,EACH,CAT-GSK,Gasket,Klinger,IEPE-6197-UNLP-FKBR-71F8-72L4,,8.89 mm,150#,,,,,,,,,,
NTPC,NTPC-DEMO-D81F63,CABLE HAVELLS 83ITC X EJV6 SQMM 57B7/ER5G 7JAH 15 EACH 269.19 AWG 3.3KV RUBBER,EACH,CAT-CBL,Cable,Havells,83ITC x EJV6 sqmm 57B7/ER5G 7JAH,,,,,,,,,,,,,
ONGC,ONGC-DEMO-905258,CABLE POLYCAB 6EXHC X 1O6D SQMM G4Y7/3HB3 36P3 54 EACH 913.21 MM2 1.1KV EPR,EACH,CAT-CBL,Cable,Polycab,6EXHC x 1O6D sqmm G4Y7/3HB3 36P3,,,,,,,,,,,,,
ONGC,ONGC-DEMO-6490C9,PUMP ITT GOULDS ID70-U0XA-0UEJ-UTEV 6052 GPM 842 FT 1029.08 KW,EACH,CAT-PMP,Pump,ITT Goulds,ID70-U0XA-0UEJ-UTEV,,,,,1029.08 KW,,,,,,,,
SAIL,SAIL-DEMO-D246C7,ELECTRICAL COMPONENT SCHNEIDER ELECTRIC 7PNE-5AUR-56RD-93D6 5189.44 A 585017 V 3P 150 KA,EACH,CAT-ELC,Electrical Component,Schneider Electric,7PNE-5AUR-56RD-93D6,,,,,,,,,,,,,
IOCL,IOCL-DEMO-24BBEC,GASKET FLEXITALLIC JWK0-S3BS-YO3S-PJJM-WFZZ-80MZ 21.89 INCH 600# PTFE SS304,EACH,CAT-GSK,Gasket,Flexitallic,JWK0-S3BS-YO3S-PJJM-WFZZ-80MZ,,21.89 inch,600#,,,,,,,,,,
IOCL,IOCL-DEMO-569043,MOTOR WEG O5N3-YTG9-ZDGD-2PZ3-2SVS 2162.4 KW 5495 KV 60 HZ 1000 RPM EXPLOSION PROOF,EACH,CAT-MTR,Motor,WEG,O5N3-YTG9-ZDGD-2PZ3-2SVS,,,,5495 KV,2162.4 kW,60 HZ,,,,,,,
BHEL,BHEL-DEMO-EC2E11,VALVE KITZ C05M-DNU8-EP38-8HEH-CPFG-A2LP 16.16 MM PN16 DUCTILE IRON THREADED,EACH,CAT-VLV,Valve,KITZ,C05M-DNU8-EP38-8HEH-CPFG-A2LP,,16.16 mm,PN16,,,,,,,Ductile Iron,,Threaded,
BHEL,BHEL-DEMO-AADB68,PIPE ARCELORMITTAL A8H1-WUK6-T22J-072B-X4P8 84.29 MM STD API 5L X52 11 M,EACH,CAT-PIP,Pipe,ArcelorMittal,A8H1-WUK6-T22J-072B-X4P8,API 5L X52,,,,,,84.29 mm,STD,,,,,
IOCL,IOCL-DEMO-B6C1F2,MOTOR CROMPTON GREAVES CYB3-O3RB-V0VA-080I-9HCJ 1946.62 HP 9562 KV 50 HZ 1800 RPM ODP,EACH,CAT-MTR,Motor,Crompton Greaves,CYB3-O3RB-V0VA-080I-9HCJ,,,,9562 KV,1946.62 HP,50 HZ,,,,,,,
ONGC,ONGC-DEMO-9216D0,INSTRUMENTATION ENDRESS+HAUSER T1K1-62AD-ZSOA-EYW8-HM2J 6963 PSI MODBUS SANITARY 0.5%,EACH,CAT-INS,Instrumentation,Endress+Hauser,T1K1-62AD-ZSOA-EYW8-HM2J,,,,,,,,,,,,,
BHEL,BHEL-DEMO-82C2D1,BEARING SKF 6H8RIWF0XV7H (E.G. 6204-2RS1/C3) 871 MM 936 INCH 68 MM OPEN,EACH,CAT-BRG,Bearing,SKF,6H8RIWF0XV7H (e.g. 6204-2RS1/C3),,,,,,,,,Open,,,,
SAIL,SAIL-DEMO-9B2EC0,BEARING FAG QSAFITVBDTMW (E.G. 6204-2RS1/C3) 619 MM 1433 MM 346 MM OPEN,EACH,CAT-BRG,Bearing,FAG,QSAFITVBDTMW (e.g. 6204-2RS1/C3),,,,,,,,,Open,,,,
ONGC,ONGC-DEMO-D32CB8,PPE DUPONT S9P0-WBVN-GDV1-TZZB 11 HDPE EN 397 BLUE,EACH,CAT-PPE,PPE,DuPont,S9P0-WBVN-GDV1-TZZB,,11,,,,,,,,,,,
SAIL,SAIL-DEMO-EA0B19,PIPE TENARIS 7DBV-5YVJ-BVMF-7AY9-IW8I 110.7 INCH SCH160 ASTM A312 TP316L 12 FT,EACH,CAT-PIP,Pipe,Tenaris,7DBV-5YVJ-BVMF-7AY9-IW8I,ASTM A312 TP316L,,,,,,110.7 inch,SCH160,,,,,
IOCL,IOCL-DEMO-E34142,PIPE ARCELORMITTAL BK5I-H1YT-C9IJ-AB7K-CMYW 28.64 MM SCH160 ASTM A106 GR B 12 FT,EACH,CAT-PIP,Pipe,ArcelorMittal,BK5I-H1YT-C9IJ-AB7K-CMYW,ASTM A106 Gr B,,,,,,28.64 mm,SCH160,,,,,
BHEL,BHEL-DEMO-9A41BF,FASTENER KAMAX S7XX-0LE8XIXA4-VYEF-MD9Z 10 INCH 87 INCH 10.9 METRIC COARSE,EACH,CAT-FST,Fastener,Kamax,S7XX-0LE8xIXA4-VYEF-MD9Z,,,,,,,10 inch,,,,,,
SAIL,SAIL-DEMO-CB160E,PPE ANSELL X1MG-74ZN-BXSF-29UV XL KEVLAR EN 388 RED,EACH,CAT-PPE,PPE,Ansell,X1MG-74ZN-BXSF-29UV,,XL,,,,,,,,,,,
NTPC,NTPC-DEMO-F28CA4,BEARING NTN 3X4C79DESM8Y (E.G. 6204-2RS1/C3) 478 INCH 743 MM 101 MM ZZ,EACH,CAT-BRG,Bearing,NTN,3X4C79DESM8Y (e.g. 6204-2RS1/C3),,,,,,,,,ZZ,,,,
BHEL,BHEL-DEMO-EFAB8C,PPE 3M 2APK-5LDW-0W5R-FK9M 9 KEVLAR EN 397 WHITE,EACH,CAT-PPE,PPE,3M,2APK-5LDW-0W5R-FK9M,,9,,,,,,,,,,,
ONGC,ONGC-DEMO-62936B,INSTRUMENTATION YOKOGAWA VX70-QCIG-0W9I-MYW4-RCX1 7270 BAR 4-20MA SANITARY 1.0%,EACH,CAT-INS,Instrumentation,Yokogawa,VX70-QCIG-0W9I-MYW4-RCX1,,,,,,,,,,,,,
IOCL,IOCL-DEMO-D918D8,BEARING SKF JH7YRJ6G20S3 (E.G. 6204-2RS1/C3) 1476 MM 1281 INCH 95 INCH NR,EACH,CAT-BRG,Bearing,SKF,JH7YRJ6G20S3 (e.g. 6204-2RS1/C3),,,,,,,,,NR,,,,
SAIL,SAIL-DEMO-7F7990,PPE 3M TTJW-K5MK-ILNS-Q784 10 POLYCARBONATE ANSI BLUE,EACH,CAT-PPE,PPE,3M,TTJW-K5MK-ILNS-Q784,,10,,,,,,,,,,,
IOCL,IOCL-DEMO-C06234,VALVE FLOWSERVE O6GN-HMYI-3JRZ-544X-4MZ3-MN3D 6.76 INCH 300# A105 WAFER,EACH,CAT-VLV,Valve,Flowserve,O6GN-HMYI-3JRZ-544X-4MZ3-MN3D,,6.76 inch,300#,,,,,,,A105,,Wafer,
IOCL,IOCL-DEMO-573FF4,CABLE HAVELLS 8511C X GYSY SQMM E633/Z49H FX72 47 EACH 677.06 MM2 1.1KV PVC,EACH,CAT-CBL,Cable,Havells,8511C x GYSY sqmm E633/Z49H FX72,,,,,,,,,,,,,
ONGC,ONGC-DEMO-B23346,GASKET FLEXITALLIC W145-PUFR-UAI8-4DHS-81YS-7GON 14.08 INCH 300# PTFE SS304,EACH,CAT-GSK,Gasket,Flexitallic,W145-PUFR-UAI8-4DHS-81YS-7GON,,14.08 inch,300#,,,,,,,,,,
SAIL,SAIL-DEMO-564B82,FASTENER HILTI FEAL-00UVXWDO0-4PEB-XRL0 55 INCH 406 MM 10.9 METRIC COARSE,EACH,CAT-FST,Fastener,Hilti,FEAL-00UVxWDO0-4PEB-XRL0,,,,,,,55 inch,,,,,,
IOCL,IOCL-DEMO-8A426F,FLANGE GALPERTI 4HF1-0OP3-O05P-DB96-840V 58.01 INCH 1500# THREADED RING TYPE JOINT (RTJ),EACH,CAT-FLG,Flange,Galperti,4HF1-0OP3-O05P-DB96-840V,,58.01 inch,1500#,,,,,,,,,,
BHEL,BHEL-DEMO-4A501A,MOTOR BALDOR UT84-AHJ2-RSIE-WPB6-1ZMD 1298.66 KW 488 V 50 HZ 1200 RPM TEFC,EACH,CAT-MTR,Motor,Baldor,UT84-AHJ2-RSIE-WPB6-1ZMD,,,,488 V,1298.66 kW,50 HZ,,,,,,,
BHEL,BHEL-DEMO-5A4BAD,MOTOR SIEMENS YTIO-TQ2B-6Q2U-2FW6-UFA9 2422.11 KW 2379 V 50 HZ 3600 RPM EXPLOSION PROOF,EACH,CAT-MTR,Motor,Siemens,YTIO-TQ2B-6Q2U-2FW6-UFA9,,,,2379 V,2422.11 kW,50 HZ,,,,,,,
NTPC,NTPC-DEMO-594A0B,CABLE NEXANS ZB7IC X T0X6 SQMM UVXJ/6O1H HM9A 63 EACH 290.31 MM2 11KV RUBBER,EACH,CAT-CBL,Cable,Nexans,ZB7IC x T0X6 sqmm UVXJ/6O1H HM9A,,,,,,,,,,,,,
NTPC,NTPC-DEMO-A88B82,BEARING NTN ITW1S44JS1SZ (E.G. 6204-2RS1/C3) 540 MM 257 MM 396 INCH NR,EACH,CAT-BRG,Bearing,NTN,ITW1S44JS1SZ (e.g. 6204-2RS1/C3),,,,,,,,,NR,,,,
ONGC,ONGC-DEMO-1FEB43,MOTOR SIEMENS PWRA-10CE-RVHS-L4JS-7HAC 5293.92 HP 7189 KV 60 HZ 1200 RPM TENV,EACH,CAT-MTR,Motor,Siemens,PWRA-10CE-RVHS-L4JS-7HAC,,,,7189 KV,5293.92 HP,60 HZ,,,,,,,
NTPC,NTPC-DEMO-D2AB8A,INSTRUMENTATION WIKA 8YV8-5H7E-CTFY-49NR-K8FJ 4345 DEGF 4-20MA 1/4 NPT 0.5%,EACH,CAT-INS,Instrumentation,WIKA,8YV8-5H7E-CTFY-49NR-K8FJ,,,,,,,,,,,,,
IOCL,IOCL-DEMO-5F8E49,VALVE FLOWSERVE 2ABC-P7QF-1PTC-8VC7-YOM5-H6A3 36.28 INCH 900# CF8M LUG,EACH,CAT-VLV,Valve,Flowserve,2ABC-P7QF-1PTC-8VC7-YOM5-H6A3,,36.28 inch,900#,,,,,,,CF8M,,Lug,
ONGC,ONGC-DEMO-4AC1E4,FASTENER WÜRTH UNOK-6KNAXRGM1-7COD-CULJ 85 INCH 226 MM 12.9 METRIC FINE,EACH,CAT-FST,Fastener,Würth,UNOK-6KNAxRGM1-7COD-CULJ,,,,,,,85 inch,,,,,,
BHEL,BHEL-DEMO-9BA759,GASKET KLINGER 6CO4-PMCJ-BY4U-2PIU-FJTW-BAGM 2.1 INCH 1500# CORRUGATED METAL GRAPHITE/SS316,EACH,CAT-GSK,Gasket,Klinger,6CO4-PMCJ-BY4U-2PIU-FJTW-BAGM,,2.1 inch,1500#,,,,,,,,,,
BHEL,BHEL-DEMO-4EB9F2,BEARING NSK XO2RFFHVG0XC (E.G. 6204-2RS1/C3) 466 INCH 955 MM 412 MM 2RS,EACH,CAT-BRG,Bearing,NSK,XO2RFFHVG0XC (e.g. 6204-2RS1/C3),,,,,,,,,2RS,,,,
NTPC,NTPC-DEMO-F8164C,PPE ANSELL X1I1-7EW8-595B-POXK L NITRILE EN 397 HI-VIS,EACH,CAT-PPE,PPE,Ansell,X1I1-7EW8-595B-POXK,,L,,,,,,,,,,,
SAIL,SAIL-DEMO-04BFE4,FLANGE MELESI Z104-SAJ0-HTKH-397P-NHU7 12.76 MM 600# LAP JOINT FLAT FACE (FF),EACH,CAT-FLG,Flange,Melesi,Z104-SAJ0-HTKH-397P-NHU7,,12.76 mm,600#,,,,,,,,,,
SAIL,SAIL-DEMO-D6BD73,ELECTRICAL COMPONENT ABB BH64-WH5C-87SB-3KU5 5957.16 KA 732121 V 4P 43 KA,EACH,CAT-ELC,Electrical Component,ABB,BH64-WH5C-87SB-3KU5,,,,,,,,,,,,,
NTPC,NTPC-DEMO-7D0EF6,MOTOR SIEMENS 39IA-H91X-FPTN-1C97-6S1O 4140.81 HP 10784 V 50 HZ 1200 RPM TEFC,EACH,CAT-MTR,Motor,Siemens,39IA-H91X-FPTN-1C97-6S1O,,,,10784 V,4140.81 HP,50 HZ,,,,,,,
NTPC,NTPC-DEMO-3BA83B,INSTRUMENTATION WIKA ART5-APZN-YCF6-73IF-2I8D 6827 DEGC 4-20MA 1/2 NPT 1.0%,EACH,CAT-INS,Instrumentation,WIKA,ART5-APZN-YCF6-73IF-2I8D,,,,,,,,,,,,,
NTPC,NTPC-DEMO-DA6B60,FASTENER WÜRTH PKLW-6PTBXCMOP-XOXI-ZWHR 85 INCH 15 INCH 10.9 UNF,EACH,CAT-FST,Fastener,Würth,PKLW-6PTBxCMOP-XOXI-ZWHR,,,,,,,85 inch,,,,,,
IOCL,IOCL-DEMO-9D31EC,CABLE NEXANS O5OCC X K6P8 SQMM Z1BS/WJ8R MJCV 64 EACH 913.58 MM2 33KV PVC,EACH,CAT-CBL,Cable,Nexans,O5OCC x K6P8 sqmm Z1BS/WJ8R MJCV,,,,,,,,,,,,,
NTPC,NTPC-DEMO-51B56A,PUMP SULZER Y44V-39R6-RVXS-ISDA 1461 GPM 1811 FT 3008.52 HP,EACH,CAT-PMP,Pump,Sulzer,Y44V-39R6-RVXS-ISDA,,,,,3008.52 HP,,,,,,,,
SAIL,SAIL-DEMO-4D76EA,VALVE FLOWSERVE SYWS-O51F-10B4-YB63-V21I-UD1S 25.91 INCH 150# CF8M FLANGED,EACH,CAT-VLV,Valve,Flowserve,SYWS-O51F-10B4-YB63-V21I-UD1S,,25.91 inch,150#,,,,,,,CF8M,,Flanged,
SAIL,SAIL-DEMO-986B3F,PIPE ARCELORMITTAL IV96-AD6R-UJRA-VYS2-EFHQ 25.83 INCH STD ASTM A106 GR B 9 FT,EACH,CAT-PIP,Pipe,ArcelorMittal,IV96-AD6R-UJRA-VYS2-EFHQ,ASTM A106 Gr B,,,,,,25.83 inch,STD,,,,,
BHEL,BHEL-DEMO-BFCD2C,INSTRUMENTATION YOKOGAWA 1Y7F-GUTQ-BRCT-10DN-11LX 8294 DEGC 0-10V 1/2 NPT 0.25%,EACH,CAT-INS,Instrumentation,Yokogawa,1Y7F-GUTQ-BRCT-10DN-11LX,,,,,,,,,,,,,
IOCL,IOCL-DEMO-E32AF2,LUBRICANT SHELL 3MBS YX4P 3XL0 - NDBS ISO VG 46 MINERAL NLGI 3 105 L,EACH,CAT-LUB,Lubricant,Shell,3MBS YX4P 3XL0 - NDBS,,,,,,,,,,,,,
SAIL,SAIL-DEMO-016190,VALVE VELAN 7PUW-P4YB-32BF-YVRT-495V-CIKD 0.61 INCH 600# DUCTILE IRON SOCKET WELD,EACH,CAT-VLV,Valve,Velan,7PUW-P4YB-32BF-YVRT-495V-CIKD,,0.61 inch,600#,,,,,,,Ductile Iron,,Socket Weld,
IOCL,IOCL-DEMO-845892,PUMP FLOWSERVE HX5P-SAM4-MBJ1-BBBG 9179 M3/H 1690 FT 1757.48 KW,EACH,CAT-PMP,Pump,Flowserve,HX5P-SAM4-MBJ1-BBBG,,,,,1757.48 KW,,,,,,,,
ONGC,ONGC-DEMO-31023C,FLANGE GALPERTI MIH2-BC0B-SFXD-FHF5-G47Y 53.78 MM 600# BLIND FLAT FACE (FF),EACH,CAT-FLG,Flange,Galperti,MIH2-BC0B-SFXD-FHF5-G47Y,,53.78 mm,600#,,,,,,,,,,
BHEL,BHEL-DEMO-F5B5A0,INSTRUMENTATION ROSEMOUNT 50RC-S186-PAM1-9VWE-STOX 9553 DEGF 4-20MA 1/4 NPT 0.5%,EACH,CAT-INS,Instrumentation,Rosemount,50RC-S186-PAM1-9VWE-STOX,,,,,,,,,,,,,
NTPC,NTPC-DEMO-7DC283,CABLE HAVELLS Q1WGC X XD93 SQMM ZWQV/ENZH I4EA 91 EACH 167.53 MM2 3.3KV EPR,EACH,CAT-CBL,Cable,Havells,Q1WGC x XD93 sqmm ZWQV/ENZH I4EA,,,,,,,,,,,,,
IOCL,IOCL-DEMO-81A52D,ELECTRICAL COMPONENT ABB 5MG0-7J8D-C3XR-6332 3677.29 A 727231 V 1P 125 KA,EACH,CAT-ELC,Electrical Component,ABB,5MG0-7J8D-C3XR-6332,,,,,,,,,,,,,
NTPC,NTPC-DEMO-F33ED7,FASTENER BOSSARD JQ2J-7FU8XEKIJ-BR9Q-BSA1 84 MM 346 MM A4-80 METRIC FINE,EACH,CAT-FST,Fastener,Bossard,JQ2J-7FU8xEKIJ-BR9Q-BSA1,,,,,,,84 mm,,,,,,
ONGC,ONGC-DEMO-E3D0B7,MOTOR BALDOR XC91-E6QX-1NH7-DQEE-54PY 1277.53 KW 7665 V 50 HZ 750 RPM ODP,EACH,CAT-MTR,Motor,Baldor,XC91-E6QX-1NH7-DQEE-54PY,,,,7665 V,1277.53 kW,50 HZ,,,,,,,
IOCL,IOCL-DEMO-3489D2,INSTRUMENTATION WIKA FSXN-YFGI-IGHU-VZLO-J5AL 7143 DEGC MODBUS 1/4 NPT 0.25%,EACH,CAT-INS,Instrumentation,WIKA,FSXN-YFGI-IGHU-VZLO-J5AL,,,,,,,,,,,,,
SAIL,SAIL-DEMO-88133E,INSTRUMENTATION HONEYWELL DSRR-9E5U-YKYB-IJKT-S27Y 8497 BAR PROFIBUS 1/2 NPT 0.25%,EACH,CAT-INS,Instrumentation,Honeywell,DSRR-9E5U-YKYB-IJKT-S27Y,,,,,,,,,,,,,
SAIL,SAIL-DEMO-48F6DD,GASKET KLINGER ZY10-NA7I-7UTD-VXC7-D1DG-CZI2 55.48 INCH 600# PTFE PTFE,EACH,CAT-GSK,Gasket,Klinger,ZY10-NA7I-7UTD-VXC7-D1DG-CZI2,,55.48 inch,600#,,,,,,,,,,
NTPC,NTPC-DEMO-09FF8C,VALVE VELAN MW2K-KXHF-5PEX-8YQU-MGBT-A3PS 71.17 MM 600# DUCTILE IRON SOCKET WELD,EACH,CAT-VLV,Valve,Velan,MW2K-KXHF-5PEX-8YQU-MGBT-A3PS,,71.17 mm,600#,,,,,,,Ductile Iron,,Socket Weld,
BHEL,BHEL-DEMO-5D39D1,PUMP FLOWSERVE UIPN-M0OL-2SUW-QYRR 1649 GPM 2355 M 1319.89 HP,EACH,CAT-PMP,Pump,Flowserve,UIPN-M0OL-2SUW-QYRR,,,,,1319.89 HP,,,,,,,,
ONGC,ONGC-DEMO-614B13,BEARING NSK WC9MURJX7JPV (E.G. 6204-2RS1/C3) 1340 INCH 1708 MM 191 INCH Z,EACH,CAT-BRG,Bearing,NSK,WC9MURJX7JPV (e.g. 6204-2RS1/C3),,,,,,,,,Z,,,,
NTPC,NTPC-DEMO-1C2E2C,FLANGE CHW FORGE 271Z-KC86-OOUW-HHZR-LNGN 31.34 MM 600# BLIND FLAT FACE (FF),EACH,CAT-FLG,Flange,CHW Forge,271Z-KC86-OOUW-HHZR-LNGN,,31.34 mm,600#,,,,,,,,,,
IOCL,IOCL-DEMO-90CA68,FLANGE ULMA CMZ1-PVA9-8Y2F-E46C-ZK0E 29.69 INCH 300# SOCKET WELD FLAT FACE (FF),EACH,CAT-FLG,Flange,Ulma,CMZ1-PVA9-8Y2F-E46C-ZK0E,,29.69 inch,300#,,,,,,,,,,
IOCL,IOCL-DEMO-4CB6FD,GASKET FLEXITALLIC T29K-K8TO-ED8C-0SAM-CBIY-00TG 18.48 MM 1500# CORRUGATED METAL PTFE,EACH,CAT-GSK,Gasket,Flexitallic,T29K-K8TO-ED8C-0SAM-CBIY-00TG,,18.48 mm,1500#,,,,,,,,,,
BHEL,BHEL-DEMO-C64990,MOTOR CROMPTON GREAVES U4SK-43EE-MW5V-BLGW-RTBL 7972.25 HP 8212 KV 50 HZ 1000 RPM ODP,EACH,CAT-MTR,Motor,Crompton Greaves,U4SK-43EE-MW5V-BLGW-RTBL,,,,8212 KV,7972.25 HP,50 HZ,,,,,,,
NTPC,NTPC-DEMO-6CC21A,PPE DUPONT XN1X-5B9T-9G8H-V123 9 LEATHER ANSI BLUE,EACH,CAT-PPE,PPE,DuPont,XN1X-5B9T-9G8H-V123,,9,,,,,,,,,,,
NTPC,NTPC-DEMO-8CEB56,FASTENER BOSSARD 824Y-NOTJXWSU5-IZHH-F92E 64 MM 244 MM A4-80 METRIC FINE,EACH,CAT-FST,Fastener,Bossard,824Y-NOTJxWSU5-IZHH-F92E,,,,,,,64 mm,,,,,,
IOCL,IOCL-DEMO-7FF48C,GASKET KLINGER VSRD-DT3A-VRI9-SBCI-V8ZE-1Q8G 15.46 MM 150# CNAF SOFT IRON,EACH,CAT-GSK,Gasket,Klinger,VSRD-DT3A-VRI9-SBCI-V8ZE-1Q8G,,15.46 mm,150#,,,,,,,,,,
ONGC,ONGC-DEMO-4BB86F,PUMP SULZER Q6BF-63K4-DA5B-2HLF 2252 GPM 2517 M 2647.63 HP,EACH,CAT-PMP,Pump,Sulzer,Q6BF-63K4-DA5B-2HLF,,,,,2647.63 HP,,,,,,,,
NTPC,NTPC-DEMO-44053F,VALVE VELAN 216V-6PLE-HQHB-BGRR-IFOB-M66T 20.73 MM 2500# DUCTILE IRON THREADED,EACH,CAT-VLV,Valve,Velan,216V-6PLE-HQHB-BGRR-IFOB-M66T,,20.73 mm,2500#,,,,,,,Ductile Iron,,Threaded,
IOCL,IOCL-DEMO-FF92E0,FASTENER HILTI T06P-O019XK3R9-HB7Y-CLKM 80 MM 340 MM 12.9 UNF,EACH,CAT-FST,Fastener,Hilti,T06P-O019xK3R9-HB7Y-CLKM,,,,,,,80 mm,,,,,,
BHEL,BHEL-DEMO-195147,PUMP KSB SMDU-UJ35-623V-B0Z3 3840 GPM 1083 M 685.26 HP,EACH,CAT-PMP,Pump,KSB,SMDU-UJ35-623V-B0Z3,,,,,685.26 HP,,,,,,,,
NTPC,NTPC-DEMO-9A47BF,BEARING NTN DQDRBSO3MC2D (E.G. 6204-2RS1/C3) 1413 INCH 393 MM 181 INCH OPEN,EACH,CAT-BRG,Bearing,NTN,DQDRBSO3MC2D (e.g. 6204-2RS1/C3),,,,,,,,,Open,,,,
BHEL,BHEL-DEMO-424E31,MOTOR SIEMENS BQ4E-2SHO-HDGH-4SMR-SMRK 8049.63 HP 978 V 50 HZ 1800 RPM TENV,EACH,CAT-MTR,Motor,Siemens,BQ4E-2SHO-HDGH-4SMR-SMRK,,,,978 V,8049.63 HP,50 HZ,,,,,,,
BHEL,BHEL-DEMO-B3FD0C,FASTENER HILTI 8XHT-HVF3X1GEF-6SZ2-29CJ 80 MM 105 INCH 8.8 METRIC FINE,EACH,CAT-FST,Fastener,Hilti,8XHT-HVF3x1GEF-6SZ2-29CJ,,,,,,,80 mm,,,,,,
BHEL,BHEL-DEMO-9A0248,BEARING SKF PEPP49IJLAZ5 (E.G. 6204-2RS1/C3) 207 MM 872 INCH 366 INCH Z,EACH,CAT-BRG,Bearing,SKF,PEPP49IJLAZ5 (e.g. 6204-2RS1/C3),,,,,,,,,Z,,,,
IOCL,IOCL-DEMO-155A11,LUBRICANT SHELL D08C TYK4 XMUE - UHSG ISO VG 220 PAG NLGI 2 45 L,EACH,CAT-LUB,Lubricant,Shell,D08C TYK4 XMUE - UHSG,,,,,,,,,,,,,
IOCL,IOCL-DEMO-027E87,MOTOR CROMPTON GREAVES GGEQ-8BF6-B5UA-YPP1-05MF 8781.1 KW 8364 V 60 HZ 1800 RPM TENV,EACH,CAT-MTR,Motor,Crompton Greaves,GGEQ-8BF6-B5UA-YPP1-05MF,,,,8364 V,8781.1 kW,60 HZ,,,,,,,
NTPC,NTPC-DEMO-67B930,FASTENER WÜRTH LFM4-BX26X6MCJ-KCVD-J455 75 INCH 64 MM A4-80 METRIC COARSE,EACH,CAT-FST,Fastener,Würth,LFM4-BX26x6MCJ-KCVD-J455,,,,,,,75 inch,,,,,,
IOCL,IOCL-DEMO-908E59,GASKET GARLOCK RQKH-UB8G-187P-IJ64-Q7LQ-VAK6 56.9 INCH 300# PTFE SOFT IRON,EACH,CAT-GSK,Gasket,Garlock,RQKH-UB8G-187P-IJ64-Q7LQ-VAK6,,56.9 inch,300#,,,,,,,,,,
NTPC,NTPC-DEMO-A13C2C,PIPE ARCELORMITTAL EDV4-NZF7-MJJW-760J-NYR4 80.55 INCH STD API 5L X52 7 FT,EACH,CAT-PIP,Pipe,ArcelorMittal,EDV4-NZF7-MJJW-760J-NYR4,API 5L X52,,,,,,80.55 inch,STD,,,,,
SAIL,SAIL-DEMO-C532F7,MOTOR BALDOR D9XQ-QCK2-1QBS-I2IS-FMO9 6591.37 KW 6268 V 60 HZ 1000 RPM EXPLOSION PROOF,EACH,CAT-MTR,Motor,Baldor,D9XQ-QCK2-1QBS-I2IS-FMO9,,,,6268 V,6591.37 kW,60 HZ,,,,,,,
BHEL,BHEL-DEMO-552D96,FASTENER KAMAX DPVY-ZR9DX1SDP-H8F8-09UT 59 MM 40 INCH A4-80 METRIC FINE,EACH,CAT-FST,Fastener,Kamax,DPVY-ZR9Dx1SDP-H8F8-09UT,,,,,,,59 mm,,,,,,
SAIL,SAIL-DEMO-072D29,MOTOR ABB ZQCA-BFOU-JE3C-VAVP-I3I6 3478.19 HP 1474 V 50 HZ 3600 RPM ODP,EACH,CAT-MTR,Motor,ABB,ZQCA-BFOU-JE3C-VAVP-I3I6,,,,1474 V,3478.19 HP,50 HZ,,,,,,,
NTPC,NTPC-DEMO-C08746,GASKET LAMONS KS4F-0RDI-FHN6-I6JU-3FRZ-ATAN 43.51 INCH 600# CORRUGATED METAL SOFT IRON,EACH,CAT-GSK,Gasket,Lamons,KS4F-0RDI-FHN6-I6JU-3FRZ-ATAN,,43.51 inch,600#,,,,,,,,,,
NTPC,NTPC-DEMO-1B482E,BEARING TIMKEN WGHNBHJUXP1R (E.G. 6204-2RS1/C3) 1407 INCH 1345 MM 127 INCH NR,EACH,CAT-BRG,Bearing,Timken,WGHNBHJUXP1R (e.g. 6204-2RS1/C3),,,,,,,,,NR,,,,
ONGC,ONGC-DEMO-A5659B,PPE MSA SAFETY D431-PIKU-35UT-H6IG 7 NITRILE CE BLUE,EACH,CAT-PPE,PPE,MSA Safety,D431-PIKU-35UT-H6IG,,7,,,,,,,,,,,
ONGC,ONGC-DEMO-F51717,PPE MSA SAFETY 9YZH-N101-LGCT-QAE7 8 HDPE EN 388 HI-VIS,EACH,CAT-PPE,PPE,MSA Safety,9YZH-N101-LGCT-QAE7,,8,,,,,,,,,,,
BHEL,BHEL-DEMO-7E2E69,INSTRUMENTATION ROSEMOUNT MVHP-38WC-ML1R-I8GL-D6AQ 2411 BAR 0-10V FLANGED 2 INCH 0.1%,EACH,CAT-INS,Instrumentation,Rosemount,MVHP-38WC-ML1R-I8GL-D6AQ,,,,,,,,,,,,,
NTPC,NTPC-DEMO-6E184E,FLANGE MELESI 7LEX-P2ZR-U8TS-LHK9-NYFC 52.08 INCH 2500# THREADED RING TYPE JOINT (RTJ),EACH,CAT-FLG,Flange,Melesi,7LEX-P2ZR-U8TS-LHK9-NYFC,,52.08 inch,2500#,,,,,,,,,,
IOCL,IOCL-DEMO-A0C12C,VALVE FLOWSERVE 9DV0-HWOB-38ZN-9IA3-L9KZ-SZB8 16.99 MM 300# CF8M WAFER,EACH,CAT-VLV,Valve,Flowserve,9DV0-HWOB-38ZN-9IA3-L9KZ-SZB8,,16.99 mm,300#,,,,,,,CF8M,,Wafer,
NTPC,NTPC-DEMO-108490,GASKET KLINGER 5GPM-8S4S-IB3E-33DL-GA2K-ISAV 21.49 INCH 2500# PTFE PTFE,EACH,CAT-GSK,Gasket,Klinger,5GPM-8S4S-IB3E-33DL-GA2K-ISAV,,21.49 inch,2500#,,,,,,,,,,
SAIL,SAIL-DEMO-439055,FLANGE CHW FORGE MJER-3XCK-MCBM-4CVK-JG2T 54.35 INCH 1500# SOCKET WELD RAISED FACE (RF),EACH,CAT-FLG,Flange,CHW Forge,MJER-3XCK-MCBM-4CVK-JG2T,,54.35 inch,1500#,,,,,,,,,,
IOCL,IOCL-DEMO-87FF9F,PIPE TENARIS R66X-BS84-JE7Y-CVNG-U4IO 111.23 MM SCH10 API 5L X52 12 FT,EACH,CAT-PIP,Pipe,Tenaris,R66X-BS84-JE7Y-CVNG-U4IO,API 5L X52,,,,,,111.23 mm,SCH10,,,,,
IOCL,IOCL-DEMO-B76F95,GASKET KLINGER 3AXI-96BS-L971-S7GM-9Q6F-ACZ5 47.77 MM 900# CNAF PTFE,EACH,CAT-GSK,Gasket,Klinger,3AXI-96BS-L971-S7GM-9Q6F-ACZ5,,47.77 mm,900#,,,,,,,,,,
NTPC,NTPC-DEMO-23056D,MOTOR ABB V8LN-8DCQ-9J60-IA7Z-VLEA 8829.34 KW 9809 V 60 HZ 3000 RPM TEFC,EACH,CAT-MTR,Motor,ABB,V8LN-8DCQ-9J60-IA7Z-VLEA,,,,9809 V,8829.34 kW,60 HZ,,,,,,,
SAIL,SAIL-DEMO-7F5FAC,BEARING FAG KMRE0A70EYPS (E.G. 6204-2RS1/C3) 266 MM 357 INCH 334 INCH Z,EACH,CAT-BRG,Bearing,FAG,KMRE0A70EYPS (e.g. 6204-2RS1/C3),,,,,,,,,Z,,,,
IOCL,IOCL-DEMO-2F74E8,FASTENER BOSSARD KOKH-2B0HXECW4-O9E5-V42G 17 INCH 374 INCH 10.9 UNF,EACH,CAT-FST,Fastener,Bossard,KOKH-2B0HxECW4-O9E5-V42G,,,,,,,17 inch,,,,,,
IOCL,IOCL-DEMO-B36E0F,ELECTRICAL COMPONENT SCHNEIDER ELECTRIC Y98P-OCYO-463O-U2PM 3216.62 A 366642 KV 2P 45 KA,EACH,CAT-ELC,Electrical Component,Schneider Electric,Y98P-OCYO-463O-U2PM,,,,,,,,,,,,,
NTPC,NTPC-DEMO-841306,PPE HONEYWELL LR1I-8O9W-14O6-B4P2 XL NITRILE EN 397 YELLOW,EACH,CAT-PPE,PPE,Honeywell,LR1I-8O9W-14O6-B4P2,,XL,,,,,,,,,,,
IOCL,IOCL-DEMO-39BEFD,GASKET FLEXITALLIC 9UFK-93MR-EOM8-K9UH-N24G-JD94 47.31 INCH 150# SPIRAL WOUND PTFE,EACH,CAT-GSK,Gasket,Flexitallic,9UFK-93MR-EOM8-K9UH-N24G-JD94,,47.31 inch,150#,,,,,,,,,,
ONGC,ONGC-DEMO-A3394A,BEARING NTN UH25MN4B9A2I (E.G. 6204-2RS1/C3) 753 MM 1235 MM 158 MM OPEN,EACH,CAT-BRG,Bearing,NTN,UH25MN4B9A2I (e.g. 6204-2RS1/C3),,,,,,,,,Open,,,,
ONGC,ONGC-DEMO-F98764,INSTRUMENTATION ROSEMOUNT AGNS-581F-268K-0NHN-O5UW 33 PSI 0-10V 1/4 NPT 0.1%,EACH,CAT-INS,Instrumentation,Rosemount,AGNS-581F-268K-0NHN-O5UW,,,,,,,,,,,,,
ONGC,ONGC-DEMO-F7558E,PPE HONEYWELL J1YE-YU22-LCOD-QZPX 11 LEATHER EN 388 HI-VIS,EACH,CAT-PPE,PPE,Honeywell,J1YE-YU22-LCOD-QZPX,,11,,,,,,,,,,,
ONGC,ONGC-DEMO-C986E0,PPE ANSELL 8JWP-2RZH-IE2U-45FX M KEVLAR EN 397 RED,EACH,CAT-PPE,PPE,Ansell,8JWP-2RZH-IE2U-45FX,,M,,,,,,,,,,,
BHEL,BHEL-DEMO-FC6DC6,GASKET FLEXITALLIC CBFO-17HM-8LJ3-XAUQ-24QZ-HXRI 49.28 INCH 150# PTFE SOFT IRON,EACH,CAT-GSK,Gasket,Flexitallic,CBFO-17HM-8LJ3-XAUQ-24QZ-HXRI,,49.28 inch,150#,,,,,,,,,,
ONGC,ONGC-DEMO-4182FF,LUBRICANT SHELL 3Z6V A9TR XT3O - 6M1L SAE 10W-40 SYNTHETIC (PAO) NLGI 3 135 KG,EACH,CAT-LUB,Lubricant,Shell,3Z6V A9TR XT3O - 6M1L,,,,,,,,,,,,,
NTPC,NTPC-DEMO-1E6E60,CABLE LAPP Q56OC X 7RQR SQMM GHOA/H7PG TMD3 44 EACH 69.93 MM2 33KV PVC,EACH,CAT-CBL,Cable,LAPP,Q56OC x 7RQR sqmm GHOA/H7PG TMD3,,,,,,,,,,,,,
SAIL,SAIL-DEMO-3EBB1C,PIPE ARCELORMITTAL TS57-RR0J-48PN-9S23-8N70 60.29 INCH XS ASTM A333 GR 6 11 FT,EACH,CAT-PIP,Pipe,ArcelorMittal,TS57-RR0J-48PN-9S23-8N70,ASTM A333 Gr 6,,,,,,60.29 inch,XS,,,,,
IOCL,IOCL-DEMO-3D5837,GASKET GARLOCK N8V2-BZ5S-VTQ9-763E-XLCV-ZNQY 14.85 MM 1500# CORRUGATED METAL SS304,EACH,CAT-GSK,Gasket,Garlock,N8V2-BZ5S-VTQ9-763E-XLCV-ZNQY,,14.85 mm,1500#,,,,,,,,,,
IOCL,IOCL-DEMO-BA3251,GASKET LAMONS VMT9-MRDI-JA3A-67IE-66OY-UBVM 24.16 MM 900# RTJ SS304,EACH,CAT-GSK,Gasket,Lamons,VMT9-MRDI-JA3A-67IE-66OY-UBVM,,24.16 mm,900#,,,,,,,,,,
IOCL,IOCL-DEMO-8420D9,FLANGE MELESI YET6-H7TW-ETQR-MU4X-EH7Z 69.82 INCH 2500# LAP JOINT RING TYPE JOINT (RTJ),EACH,CAT-FLG,Flange,Melesi,YET6-H7TW-ETQR-MU4X-EH7Z,,69.82 inch,2500#,,,,,,,,,,
SAIL,SAIL-DEMO-1D5A47,MOTOR ABB 7LW0-PZQ0-1CXD-C8KU-7YCR 5646.75 HP 7715 KV 50 HZ 900 RPM EXPLOSION PROOF,EACH,CAT-MTR,Motor,ABB,7LW0-PZQ0-1CXD-C8KU-7YCR,,,,7715 KV,5646.75 HP,50 HZ,,,,,,,
NTPC,NTPC-DEMO-4D9EE1,FASTENER WÜRTH HHW7-25XZX4Q8Y-ADRR-L82M 32 INCH 57 INCH 10.9 METRIC COARSE,EACH,CAT-FST,Fastener,Würth,HHW7-25XZx4Q8Y-ADRR-L82M,,,,,,,32 inch,,,,,,
SAIL,SAIL-DEMO-7E1B5F,FLANGE MELESI 2J55-N9B8-M5VC-O33F-QO5V 59.8 MM 900# BLIND RAISED FACE (RF),EACH,CAT-FLG,Flange,Melesi,2J55-N9B8-M5VC-O33F-QO5V,,59.8 mm,900#,,,,,,,,,,
BHEL,BHEL-DEMO-3C765F,MOTOR BALDOR VNVG-24JN-Z9FK-STRG-H40F 9600.89 KW 4938 V 60 HZ 3600 RPM ODP,EACH,CAT-MTR,Motor,Baldor,VNVG-24JN-Z9FK-STRG-H40F,,,,4938 V,9600.89 kW,60 HZ,,,,,,,
ONGC,ONGC-DEMO-203CAE,VALVE EMERSON ZUK8-N0O3-2BX4-JPT6-QR96-DB6D 52.44 MM 600# BRONZE BUTT WELD,EACH,CAT-VLV,Valve,Emerson,ZUK8-N0O3-2BX4-JPT6-QR96-DB6D,,52.44 mm,600#,,,,,,,Bronze,,Butt Weld,
SAIL,SAIL-DEMO-DAC566,GASKET FLEXITALLIC 7XAJ-8FKV-HRAL-ZRAH-SGGU-3Y0C 62.62 MM 600# RTJ PTFE,EACH,CAT-GSK,Gasket,Flexitallic,7XAJ-8FKV-HRAL-ZRAH-SGGU-3Y0C,,62.62 mm,600#,,,,,,,,,,
SAIL,SAIL-DEMO-E5F318,PUMP SULZER 1J2I-RT46-6ERW-ZLI8 6891 GPM 1901 M 3490.35 KW,EACH,CAT-PMP,Pump,Sulzer,1J2I-RT46-6ERW-ZLI8,,,,,3490.35 KW,,,,,,,,
BHEL,BHEL-DEMO-3A7C09,FLANGE ULMA 0STB-7FVT-84LW-P0WI-4K4X 26.35 MM 300# BLIND RING TYPE JOINT (RTJ),EACH,CAT-FLG,Flange,Ulma,0STB-7FVT-84LW-P0WI-4K4X,,26.35 mm,300#,,,,,,,,,,
NTPC,NTPC-DEMO-1A8B39,MOTOR SIEMENS B5YS-NDPA-PO3J-ZMEF-S868 4043.77 KW 7894 KV 50 HZ 900 RPM TEFC,EACH,CAT-MTR,Motor,Siemens,B5YS-NDPA-PO3J-ZMEF-S868,,,,7894 KV,4043.77 kW,50 HZ,,,,,,,
ONGC,ONGC-DEMO-08F671,FASTENER WÜRTH W3L7-YPKNXCGWH-KBLW-GSXM 41 INCH 374 MM 12.9 UNF,EACH,CAT-FST,Fastener,Würth,W3L7-YPKNxCGWH-KBLW-GSXM,,,,,,,41 inch,,,,,,
NTPC,NTPC-DEMO-B29AEF,FLANGE GALPERTI 0FZS-MD0T-T2DW-WAN2-TCHN 12.45 MM 150# BLIND RING TYPE JOINT (RTJ),EACH,CAT-FLG,Flange,Galperti,0FZS-MD0T-T2DW-WAN2-TCHN,,12.45 mm,150#,,,,,,,,,,
IOCL,IOCL-DEMO-AF01BD,FLANGE ULMA 1RSE-RZV2-N0MA-ZITE-K5FA 7.36 INCH 600# SLIP-ON RAISED FACE (RF),EACH,CAT-FLG,Flange,Ulma,1RSE-RZV2-N0MA-ZITE-K5FA,,7.36 inch,600#,,,,,,,,,,
ONGC,ONGC-DEMO-925784,ELECTRICAL COMPONENT SCHNEIDER ELECTRIC F1GP-CP7T-9260-9R0T 952.97 A 622501 KV 1P 138 KA,EACH,CAT-ELC,Electrical Component,Schneider Electric,F1GP-CP7T-9260-9R0T,,,,,,,,,,,,,
SAIL,SAIL-DEMO-04B26E,LUBRICANT SHELL 34RJ UM1D OQRY - VETH ISO VG 68 ESTER NLGI 1 716 KG,EACH,CAT-LUB,Lubricant,Shell,34RJ UM1D OQRY - VETH,,,,,,,,,,,,,
NTPC,NTPC-DEMO-06AF40,MOTOR WEG D36B-DU7U-657M-0CQH-MW1A 5154.91 KW 8346 KV 60 HZ 1000 RPM TEFC,EACH,CAT-MTR,Motor,WEG,D36B-DU7U-657M-0CQH-MW1A,,,,8346 KV,5154.91 kW,60 HZ,,,,,,,
IOCL,IOCL-DEMO-BAB07B,ELECTRICAL COMPONENT SCHNEIDER ELECTRIC GKW2-4Q2C-G0QL-9A28 5191.39 A 47588 KV 4P 134 KA,EACH,CAT-ELC,Electrical Component,Schneider Electric,GKW2-4Q2C-G0QL-9A28,,,,,,,,,,,,,
ONGC,ONGC-DEMO-7C1876,CABLE NEXANS AW3AC X 2DW9 SQMM GOHV/NTOC 37Y4 77 EACH 967.84 AWG 33KV RUBBER,EACH,CAT-CBL,Cable,Nexans,AW3AC x 2DW9 sqmm GOHV/NTOC 37Y4,,,,,,,,,,,,,
IOCL,IOCL-DEMO-7B0AA7,PIPE VALLOUREC 7ECS-UAAN-WWC0-VI2V-AUQE 66.43 INCH SCH10 ASTM A333 GR 6 6 M,EACH,CAT-PIP,Pipe,Vallourec,7ECS-UAAN-WWC0-VI2V-AUQE,ASTM A333 Gr 6,,,,,,66.43 inch,SCH10,,,,,
SAIL,SAIL-DEMO-62A8B0,CABLE LAPP BUFFC X E7A1 SQMM 3JW2/P8SY 7QT9 8 EACH 781.31 MM2 66KV XLPE,EACH,CAT-CBL,Cable,LAPP,BUFFC x E7A1 sqmm 3JW2/P8SY 7QT9,,,,,,,,,,,,,
IOCL,IOCL-DEMO-A2E55D,FLANGE MELESI TKIU-CFOV-JMD1-JAQ1-VDRD 28.64 MM 2500# WELD NECK RAISED FACE (RF),EACH,CAT-FLG,Flange,Melesi,TKIU-CFOV-JMD1-JAQ1-VDRD,,28.64 mm,2500#,,,,,,,,,,
NTPC,NTPC-DEMO-FD15C0,PUMP KSB C568-I9WW-K5BS-FSLS 16333 GPM 1026 FT 2125.55 KW,EACH,CAT-PMP,Pump,KSB,C568-I9WW-K5BS-FSLS,,,,,2125.55 KW,,,,,,,,
